column,unique_without_missing,unique_with_missing,missing_count,value,count,ratio_percent
cell_id,1344,1344,0,Stanford_Nova_Regular_191,2,0.14
cell_id,1344,1344,0,Stanford_Nova_Regular_192,2,0.14
cell_id,1344,1344,0,Stanford_Nova_Regular_193,2,0.14
cell_id,1344,1344,0,Stanford_Nova_Regular_194,2,0.14
cell_id,1344,1344,0,Stanford_Nova_Regular_195,2,0.14
cell_id,1344,1344,0,Stanford_Nova_Regular_196,2,0.14
cell_id,1344,1344,0,Stanford_Nova_Regular_198,2,0.14
cell_id,1344,1344,0,Stanford_Nova_Regular_199,2,0.14
cell_id,1344,1344,0,Stanford_Nova_Regular_200,2,0.14
cell_id,1344,1344,0,Stanford_Nova_Regular_201,2,0.14
cell_id,1344,1344,0,Stanford_Nova_Regular_202,2,0.14
cell_id,1344,1344,0,Stanford_Nova_Regular_203,2,0.14
cell_id,1344,1344,0,Stanford_Nova_Regular_204,2,0.14
cell_id,1344,1344,0,Stanford_Nova_Regular_205,2,0.14
cell_id,1344,1344,0,Stanford_Nova_Regular_206,2,0.14
cell_id,1344,1344,0,Stanford_Nova_Regular_207,2,0.14
cell_id,1344,1344,0,Stanford_Nova_Regular_208,2,0.14
cell_id,1344,1344,0,Stanford_Nova_Regular_209,2,0.14
cell_id,1344,1344,0,Stanford_Nova_Regular_210,2,0.14
cell_id,1344,1344,0,Stanford_Nova_Regular_211,2,0.14
cell_id,1344,1344,0,Stanford_Nova_Regular_212,2,0.14
cell_id,1344,1344,0,Stanford_Nova_Regular_213,2,0.14
cell_id,1344,1344,0,Stanford_Nova_Regular_214,2,0.14
cell_id,1344,1344,0,Stanford_Nova_Regular_215,2,0.14
cell_id,1344,1344,0,Stanford_Nova_Regular_216,2,0.14
cell_id,1344,1344,0,Stanford_Nova_Regular_217,2,0.14
cell_id,1344,1344,0,Stanford_Nova_Regular_219,2,0.14
cell_id,1344,1344,0,Stanford_Nova_Regular_220,2,0.14
cell_id,1344,1344,0,Stanford_Nova_Regular_221,2,0.14
cell_id,1344,1344,0,Stanford_Nova_Regular_222,2,0.14
cell_id,1344,1344,0,Stanford_Nova_Regular_223,2,0.14
cell_id,1344,1344,0,Stanford_Nova_Regular_224,2,0.14
cell_id,1344,1344,0,Stanford_Nova_Regular_225,2,0.14
cell_id,1344,1344,0,Stanford_Nova_Regular_226,2,0.14
cell_id,1344,1344,0,Stanford_Nova_Regular_227,2,0.14
cell_id,1344,1344,0,Stanford_Nova_Regular_228,2,0.14
cell_id,1344,1344,0,Stanford_Nova_Regular_229,2,0.14
cell_id,1344,1344,0,Stanford_Nova_Regular_230,2,0.14
cell_id,1344,1344,0,CALB_0_B182,1,0.07
cell_id,1344,1344,0,CALB_0_B183,1,0.07
cell_id,1344,1344,0,CALB_0_B184,1,0.07
cell_id,1344,1344,0,CALB_0_B185,1,0.07
cell_id,1344,1344,0,CALB_0_B187,1,0.07
cell_id,1344,1344,0,CALB_0_B188,1,0.07
cell_id,1344,1344,0,CALB_0_B189,1,0.07
cell_id,1344,1344,0,CALB_0_B190,1,0.07
cell_id,1344,1344,0,CALB_25_T25-1,1,0.07
cell_id,1344,1344,0,CALB_25_T25-2,1,0.07
cell_id,1344,1344,0,CALB_35_B173,1,0.07
cell_id,1344,1344,0,CALB_35_B174,1,0.07
cell_id,1344,1344,0,CALB_35_B175,1,0.07
cell_id,1344,1344,0,CALB_35_B222,1,0.07
cell_id,1344,1344,0,CALB_35_B223,1,0.07
cell_id,1344,1344,0,CALB_35_B224,1,0.07
cell_id,1344,1344,0,CALB_35_B227,1,0.07
cell_id,1344,1344,0,CALB_35_B228,1,0.07
cell_id,1344,1344,0,CALB_35_B229,1,0.07
cell_id,1344,1344,0,CALB_35_B230,1,0.07
cell_id,1344,1344,0,CALB_35_B247,1,0.07
cell_id,1344,1344,0,CALB_35_B248,1,0.07
cell_id,1344,1344,0,CALB_35_B249,1,0.07
cell_id,1344,1344,0,CALB_35_B250,1,0.07
cell_id,1344,1344,0,CALB_45_B253,1,0.07
cell_id,1344,1344,0,CALB_45_B255,1,0.07
cell_id,1344,1344,0,CALB_45_B256,1,0.07
cell_id,1344,1344,0,CALCE_CS2_33,1,0.07
cell_id,1344,1344,0,CALCE_CS2_34,1,0.07
cell_id,1344,1344,0,CALCE_CS2_35,1,0.07
cell_id,1344,1344,0,CALCE_CS2_36,1,0.07
cell_id,1344,1344,0,CALCE_CS2_37,1,0.07
cell_id,1344,1344,0,CALCE_CS2_38,1,0.07
cell_id,1344,1344,0,CALCE_CX2_16,1,0.07
cell_id,1344,1344,0,CALCE_CX2_33,1,0.07
cell_id,1344,1344,0,CALCE_CX2_34,1,0.07
cell_id,1344,1344,0,CALCE_CX2_35,1,0.07
cell_id,1344,1344,0,CALCE_CX2_36,1,0.07
cell_id,1344,1344,0,CALCE_CX2_37,1,0.07
cell_id,1344,1344,0,CALCE_CX2_38,1,0.07
cell_id,1344,1344,0,HNEI_18650_NMC_LCO_25C_0-100_0.5-1.5C_a,1,0.07
cell_id,1344,1344,0,HNEI_18650_NMC_LCO_25C_0-100_0.5-1.5C_b,1,0.07
cell_id,1344,1344,0,HNEI_18650_NMC_LCO_25C_0-100_0.5-1.5C_c,1,0.07
cell_id,1344,1344,0,HNEI_18650_NMC_LCO_25C_0-100_0.5-1.5C_d,1,0.07
cell_id,1344,1344,0,HNEI_18650_NMC_LCO_25C_0-100_0.5-1.5C_e,1,0.07
cell_id,1344,1344,0,HNEI_18650_NMC_LCO_25C_0-100_0.5-1.5C_f,1,0.07
cell_id,1344,1344,0,HNEI_18650_NMC_LCO_25C_0-100_0.5-1.5C_g,1,0.07
cell_id,1344,1344,0,HNEI_18650_NMC_LCO_25C_0-100_0.5-1.5C_j,1,0.07
cell_id,1344,1344,0,HNEI_18650_NMC_LCO_25C_0-100_0.5-1.5C_l,1,0.07
cell_id,1344,1344,0,HNEI_18650_NMC_LCO_25C_0-100_0.5-1.5C_n,1,0.07
cell_id,1344,1344,0,HNEI_18650_NMC_LCO_25C_0-100_0.5-1.5C_o,1,0.07
cell_id,1344,1344,0,HNEI_18650_NMC_LCO_25C_0-100_0.5-1.5C_p,1,0.07
cell_id,1344,1344,0,HNEI_18650_NMC_LCO_25C_0-100_0.5-1.5C_s,1,0.07
cell_id,1344,1344,0,HNEI_18650_NMC_LCO_25C_0-100_0.5-1.5C_t,1,0.07
cell_id,1344,1344,0,HUST_1-1,1,0.07
cell_id,1344,1344,0,HUST_1-2,1,0.07
cell_id,1344,1344,0,HUST_1-3,1,0.07
cell_id,1344,1344,0,HUST_1-4,1,0.07
cell_id,1344,1344,0,HUST_1-5,1,0.07
cell_id,1344,1344,0,HUST_1-6,1,0.07
cell_id,1344,1344,0,HUST_1-7,1,0.07
cell_id,1344,1344,0,HUST_1-8,1,0.07
cell_id,1344,1344,0,HUST_2-2,1,0.07
cell_id,1344,1344,0,HUST_2-3,1,0.07
cell_id,1344,1344,0,HUST_2-4,1,0.07
cell_id,1344,1344,0,HUST_2-5,1,0.07
cell_id,1344,1344,0,HUST_2-6,1,0.07
cell_id,1344,1344,0,HUST_2-7,1,0.07
cell_id,1344,1344,0,HUST_2-8,1,0.07
cell_id,1344,1344,0,HUST_3-1,1,0.07
cell_id,1344,1344,0,HUST_3-2,1,0.07
cell_id,1344,1344,0,HUST_3-3,1,0.07
cell_id,1344,1344,0,HUST_3-4,1,0.07
cell_id,1344,1344,0,HUST_3-5,1,0.07
cell_id,1344,1344,0,HUST_3-6,1,0.07
cell_id,1344,1344,0,HUST_3-7,1,0.07
cell_id,1344,1344,0,HUST_3-8,1,0.07
cell_id,1344,1344,0,HUST_4-1,1,0.07
cell_id,1344,1344,0,HUST_4-2,1,0.07
cell_id,1344,1344,0,HUST_4-3,1,0.07
cell_id,1344,1344,0,HUST_4-4,1,0.07
cell_id,1344,1344,0,HUST_4-5,1,0.07
cell_id,1344,1344,0,HUST_4-6,1,0.07
cell_id,1344,1344,0,HUST_4-7,1,0.07
cell_id,1344,1344,0,HUST_4-8,1,0.07
cell_id,1344,1344,0,HUST_5-1,1,0.07
cell_id,1344,1344,0,HUST_5-2,1,0.07
cell_id,1344,1344,0,HUST_5-3,1,0.07
cell_id,1344,1344,0,HUST_5-4,1,0.07
cell_id,1344,1344,0,HUST_5-5,1,0.07
cell_id,1344,1344,0,HUST_5-6,1,0.07
cell_id,1344,1344,0,HUST_5-7,1,0.07
cell_id,1344,1344,0,HUST_6-1,1,0.07
cell_id,1344,1344,0,HUST_6-2,1,0.07
cell_id,1344,1344,0,HUST_6-3,1,0.07
cell_id,1344,1344,0,HUST_6-4,1,0.07
cell_id,1344,1344,0,HUST_6-5,1,0.07
cell_id,1344,1344,0,HUST_6-6,1,0.07
cell_id,1344,1344,0,HUST_6-8,1,0.07
cell_id,1344,1344,0,HUST_7-1,1,0.07
cell_id,1344,1344,0,HUST_7-2,1,0.07
cell_id,1344,1344,0,HUST_7-3,1,0.07
cell_id,1344,1344,0,HUST_7-4,1,0.07
cell_id,1344,1344,0,HUST_7-5,1,0.07
cell_id,1344,1344,0,HUST_7-6,1,0.07
cell_id,1344,1344,0,HUST_7-7,1,0.07
cell_id,1344,1344,0,HUST_7-8,1,0.07
cell_id,1344,1344,0,HUST_8-1,1,0.07
cell_id,1344,1344,0,HUST_8-2,1,0.07
cell_id,1344,1344,0,HUST_8-3,1,0.07
cell_id,1344,1344,0,HUST_8-4,1,0.07
cell_id,1344,1344,0,HUST_8-5,1,0.07
cell_id,1344,1344,0,HUST_8-6,1,0.07
cell_id,1344,1344,0,HUST_8-7,1,0.07
cell_id,1344,1344,0,HUST_8-8,1,0.07
cell_id,1344,1344,0,HUST_9-1,1,0.07
cell_id,1344,1344,0,HUST_9-2,1,0.07
cell_id,1344,1344,0,HUST_9-3,1,0.07
cell_id,1344,1344,0,HUST_9-4,1,0.07
cell_id,1344,1344,0,HUST_9-5,1,0.07
cell_id,1344,1344,0,HUST_9-6,1,0.07
cell_id,1344,1344,0,HUST_9-7,1,0.07
cell_id,1344,1344,0,HUST_9-8,1,0.07
cell_id,1344,1344,0,HUST_10-1,1,0.07
cell_id,1344,1344,0,HUST_10-2,1,0.07
cell_id,1344,1344,0,HUST_10-3,1,0.07
cell_id,1344,1344,0,HUST_10-4,1,0.07
cell_id,1344,1344,0,HUST_10-5,1,0.07
cell_id,1344,1344,0,HUST_10-6,1,0.07
cell_id,1344,1344,0,HUST_10-7,1,0.07
cell_id,1344,1344,0,HUST_10-8,1,0.07
cell_id,1344,1344,0,ISU-ILCC_G1C1,1,0.07
cell_id,1344,1344,0,ISU-ILCC_G1C2,1,0.07
cell_id,1344,1344,0,ISU-ILCC_G1C3,1,0.07
cell_id,1344,1344,0,ISU-ILCC_G1C4,1,0.07
cell_id,1344,1344,0,ISU-ILCC_G2C1,1,0.07
cell_id,1344,1344,0,ISU-ILCC_G2C2,1,0.07
cell_id,1344,1344,0,ISU-ILCC_G2C3,1,0.07
cell_id,1344,1344,0,ISU-ILCC_G2C4,1,0.07
cell_id,1344,1344,0,ISU-ILCC_G3C1,1,0.07
cell_id,1344,1344,0,ISU-ILCC_G3C2,1,0.07
cell_id,1344,1344,0,ISU-ILCC_G3C3,1,0.07
cell_id,1344,1344,0,ISU-ILCC_G3C4,1,0.07
cell_id,1344,1344,0,ISU-ILCC_G4C1,1,0.07
cell_id,1344,1344,0,ISU-ILCC_G4C2,1,0.07
cell_id,1344,1344,0,ISU-ILCC_G4C3,1,0.07
cell_id,1344,1344,0,ISU-ILCC_G4C4,1,0.07
cell_id,1344,1344,0,ISU-ILCC_G5C1,1,0.07
cell_id,1344,1344,0,ISU-ILCC_G5C2,1,0.07
cell_id,1344,1344,0,ISU-ILCC_G5C3,1,0.07
cell_id,1344,1344,0,ISU-ILCC_G5C4,1,0.07
cell_id,1344,1344,0,ISU-ILCC_G6C1,1,0.07
cell_id,1344,1344,0,ISU-ILCC_G6C2,1,0.07
cell_id,1344,1344,0,ISU-ILCC_G6C3,1,0.07
cell_id,1344,1344,0,ISU-ILCC_G6C4,1,0.07
cell_id,1344,1344,0,ISU-ILCC_G7C1,1,0.07
cell_id,1344,1344,0,ISU-ILCC_G7C2,1,0.07
cell_id,1344,1344,0,ISU-ILCC_G7C3,1,0.07
cell_id,1344,1344,0,ISU-ILCC_G7C4,1,0.07
cell_id,1344,1344,0,ISU-ILCC_G8C1,1,0.07
cell_id,1344,1344,0,ISU-ILCC_G8C2,1,0.07
cell_id,1344,1344,0,ISU-ILCC_G8C3,1,0.07
cell_id,1344,1344,0,ISU-ILCC_G8C4,1,0.07
cell_id,1344,1344,0,ISU-ILCC_G9C1,1,0.07
cell_id,1344,1344,0,ISU-ILCC_G9C2,1,0.07
cell_id,1344,1344,0,ISU-ILCC_G9C3,1,0.07
cell_id,1344,1344,0,ISU-ILCC_G10C1,1,0.07
cell_id,1344,1344,0,ISU-ILCC_G10C2,1,0.07
cell_id,1344,1344,0,ISU-ILCC_G10C3,1,0.07
cell_id,1344,1344,0,ISU-ILCC_G10C4,1,0.07
cell_id,1344,1344,0,ISU-ILCC_G12C1,1,0.07
cell_id,1344,1344,0,ISU-ILCC_G12C2,1,0.07
cell_id,1344,1344,0,ISU-ILCC_G12C3,1,0.07
cell_id,1344,1344,0,ISU-ILCC_G12C4,1,0.07
cell_id,1344,1344,0,ISU-ILCC_G13C1,1,0.07
cell_id,1344,1344,0,ISU-ILCC_G13C2,1,0.07
cell_id,1344,1344,0,ISU-ILCC_G13C3,1,0.07
cell_id,1344,1344,0,ISU-ILCC_G13C4,1,0.07
cell_id,1344,1344,0,ISU-ILCC_G14C1,1,0.07
cell_id,1344,1344,0,ISU-ILCC_G14C2,1,0.07
cell_id,1344,1344,0,ISU-ILCC_G14C3,1,0.07
cell_id,1344,1344,0,ISU-ILCC_G14C4,1,0.07
cell_id,1344,1344,0,ISU-ILCC_G16C1,1,0.07
cell_id,1344,1344,0,ISU-ILCC_G16C2,1,0.07
cell_id,1344,1344,0,ISU-ILCC_G16C3,1,0.07
cell_id,1344,1344,0,ISU-ILCC_G16C4,1,0.07
cell_id,1344,1344,0,ISU-ILCC_G17C1,1,0.07
cell_id,1344,1344,0,ISU-ILCC_G17C2,1,0.07
cell_id,1344,1344,0,ISU-ILCC_G17C3,1,0.07
cell_id,1344,1344,0,ISU-ILCC_G17C4,1,0.07
cell_id,1344,1344,0,ISU-ILCC_G18C1,1,0.07
cell_id,1344,1344,0,ISU-ILCC_G18C2,1,0.07
cell_id,1344,1344,0,ISU-ILCC_G18C3,1,0.07
cell_id,1344,1344,0,ISU-ILCC_G18C4,1,0.07
cell_id,1344,1344,0,ISU-ILCC_G19C1,1,0.07
cell_id,1344,1344,0,ISU-ILCC_G19C2,1,0.07
cell_id,1344,1344,0,ISU-ILCC_G19C3,1,0.07
cell_id,1344,1344,0,ISU-ILCC_G19C4,1,0.07
cell_id,1344,1344,0,ISU-ILCC_G20C1,1,0.07
cell_id,1344,1344,0,ISU-ILCC_G20C2,1,0.07
cell_id,1344,1344,0,ISU-ILCC_G20C3,1,0.07
cell_id,1344,1344,0,ISU-ILCC_G20C4,1,0.07
cell_id,1344,1344,0,ISU-ILCC_G21C1,1,0.07
cell_id,1344,1344,0,ISU-ILCC_G21C2,1,0.07
cell_id,1344,1344,0,ISU-ILCC_G21C3,1,0.07
cell_id,1344,1344,0,ISU-ILCC_G21C4,1,0.07
cell_id,1344,1344,0,ISU-ILCC_G22C1,1,0.07
cell_id,1344,1344,0,ISU-ILCC_G22C2,1,0.07
cell_id,1344,1344,0,ISU-ILCC_G22C3,1,0.07
cell_id,1344,1344,0,ISU-ILCC_G22C4,1,0.07
cell_id,1344,1344,0,ISU-ILCC_G23C1,1,0.07
cell_id,1344,1344,0,ISU-ILCC_G23C2,1,0.07
cell_id,1344,1344,0,ISU-ILCC_G23C3,1,0.07
cell_id,1344,1344,0,ISU-ILCC_G23C4,1,0.07
cell_id,1344,1344,0,ISU-ILCC_G24C1,1,0.07
cell_id,1344,1344,0,ISU-ILCC_G24C2,1,0.07
cell_id,1344,1344,0,ISU-ILCC_G24C3,1,0.07
cell_id,1344,1344,0,ISU-ILCC_G24C4,1,0.07
cell_id,1344,1344,0,ISU-ILCC_G25C1,1,0.07
cell_id,1344,1344,0,ISU-ILCC_G25C2,1,0.07
cell_id,1344,1344,0,ISU-ILCC_G25C3,1,0.07
cell_id,1344,1344,0,ISU-ILCC_G27C1,1,0.07
cell_id,1344,1344,0,ISU-ILCC_G27C2,1,0.07
cell_id,1344,1344,0,ISU-ILCC_G27C3,1,0.07
cell_id,1344,1344,0,ISU-ILCC_G27C4,1,0.07
cell_id,1344,1344,0,ISU-ILCC_G28C1,1,0.07
cell_id,1344,1344,0,ISU-ILCC_G28C2,1,0.07
cell_id,1344,1344,0,ISU-ILCC_G28C3,1,0.07
cell_id,1344,1344,0,ISU-ILCC_G28C4,1,0.07
cell_id,1344,1344,0,ISU-ILCC_G29C1,1,0.07
cell_id,1344,1344,0,ISU-ILCC_G29C2,1,0.07
cell_id,1344,1344,0,ISU-ILCC_G29C3,1,0.07
cell_id,1344,1344,0,ISU-ILCC_G29C4,1,0.07
cell_id,1344,1344,0,ISU-ILCC_G30C1,1,0.07
cell_id,1344,1344,0,ISU-ILCC_G30C2,1,0.07
cell_id,1344,1344,0,ISU-ILCC_G30C3,1,0.07
cell_id,1344,1344,0,ISU-ILCC_G30C4,1,0.07
cell_id,1344,1344,0,ISU-ILCC_G31C1,1,0.07
cell_id,1344,1344,0,ISU-ILCC_G31C2,1,0.07
cell_id,1344,1344,0,ISU-ILCC_G31C3,1,0.07
cell_id,1344,1344,0,ISU-ILCC_G31C4,1,0.07
cell_id,1344,1344,0,ISU-ILCC_G32C1,1,0.07
cell_id,1344,1344,0,ISU-ILCC_G32C2,1,0.07
cell_id,1344,1344,0,ISU-ILCC_G32C3,1,0.07
cell_id,1344,1344,0,ISU-ILCC_G32C4,1,0.07
cell_id,1344,1344,0,ISU-ILCC_G33C1,1,0.07
cell_id,1344,1344,0,ISU-ILCC_G33C2,1,0.07
cell_id,1344,1344,0,ISU-ILCC_G33C3,1,0.07
cell_id,1344,1344,0,ISU-ILCC_G33C4,1,0.07
cell_id,1344,1344,0,ISU-ILCC_G34C1,1,0.07
cell_id,1344,1344,0,ISU-ILCC_G34C2,1,0.07
cell_id,1344,1344,0,ISU-ILCC_G34C3,1,0.07
cell_id,1344,1344,0,ISU-ILCC_G34C4,1,0.07
cell_id,1344,1344,0,ISU-ILCC_G35C1,1,0.07
cell_id,1344,1344,0,ISU-ILCC_G35C2,1,0.07
cell_id,1344,1344,0,ISU-ILCC_G35C3,1,0.07
cell_id,1344,1344,0,ISU-ILCC_G35C4,1,0.07
cell_id,1344,1344,0,ISU-ILCC_G36C1,1,0.07
cell_id,1344,1344,0,ISU-ILCC_G36C2,1,0.07
cell_id,1344,1344,0,ISU-ILCC_G36C3,1,0.07
cell_id,1344,1344,0,ISU-ILCC_G36C4,1,0.07
cell_id,1344,1344,0,ISU-ILCC_G37C1,1,0.07
cell_id,1344,1344,0,ISU-ILCC_G37C2,1,0.07
cell_id,1344,1344,0,ISU-ILCC_G37C3,1,0.07
cell_id,1344,1344,0,ISU-ILCC_G37C4,1,0.07
cell_id,1344,1344,0,ISU-ILCC_G38C1,1,0.07
cell_id,1344,1344,0,ISU-ILCC_G38C2,1,0.07
cell_id,1344,1344,0,ISU-ILCC_G38C3,1,0.07
cell_id,1344,1344,0,ISU-ILCC_G38C4,1,0.07
cell_id,1344,1344,0,ISU-ILCC_G39C1,1,0.07
cell_id,1344,1344,0,ISU-ILCC_G39C2,1,0.07
cell_id,1344,1344,0,ISU-ILCC_G39C3,1,0.07
cell_id,1344,1344,0,ISU-ILCC_G39C4,1,0.07
cell_id,1344,1344,0,ISU-ILCC_G40C1,1,0.07
cell_id,1344,1344,0,ISU-ILCC_G40C2,1,0.07
cell_id,1344,1344,0,ISU-ILCC_G40C3,1,0.07
cell_id,1344,1344,0,ISU-ILCC_G40C4,1,0.07
cell_id,1344,1344,0,ISU-ILCC_G41C1,1,0.07
cell_id,1344,1344,0,ISU-ILCC_G41C2,1,0.07
cell_id,1344,1344,0,ISU-ILCC_G41C3,1,0.07
cell_id,1344,1344,0,ISU-ILCC_G41C4,1,0.07
cell_id,1344,1344,0,ISU-ILCC_G42C1,1,0.07
cell_id,1344,1344,0,ISU-ILCC_G42C2,1,0.07
cell_id,1344,1344,0,ISU-ILCC_G42C3,1,0.07
cell_id,1344,1344,0,ISU-ILCC_G43C1,1,0.07
cell_id,1344,1344,0,ISU-ILCC_G43C2,1,0.07
cell_id,1344,1344,0,ISU-ILCC_G43C3,1,0.07
cell_id,1344,1344,0,ISU-ILCC_G43C4,1,0.07
cell_id,1344,1344,0,ISU-ILCC_G44C1,1,0.07
cell_id,1344,1344,0,ISU-ILCC_G44C2,1,0.07
cell_id,1344,1344,0,ISU-ILCC_G44C3,1,0.07
cell_id,1344,1344,0,ISU-ILCC_G44C4,1,0.07
cell_id,1344,1344,0,ISU-ILCC_G45C1,1,0.07
cell_id,1344,1344,0,ISU-ILCC_G45C2,1,0.07
cell_id,1344,1344,0,ISU-ILCC_G45C3,1,0.07
cell_id,1344,1344,0,ISU-ILCC_G45C4,1,0.07
cell_id,1344,1344,0,ISU-ILCC_G46C1,1,0.07
cell_id,1344,1344,0,ISU-ILCC_G46C2,1,0.07
cell_id,1344,1344,0,ISU-ILCC_G46C3,1,0.07
cell_id,1344,1344,0,ISU-ILCC_G46C4,1,0.07
cell_id,1344,1344,0,ISU-ILCC_G47C1,1,0.07
cell_id,1344,1344,0,ISU-ILCC_G47C2,1,0.07
cell_id,1344,1344,0,ISU-ILCC_G47C3,1,0.07
cell_id,1344,1344,0,ISU-ILCC_G47C4,1,0.07
cell_id,1344,1344,0,ISU-ILCC_G48C1,1,0.07
cell_id,1344,1344,0,ISU-ILCC_G48C2,1,0.07
cell_id,1344,1344,0,ISU-ILCC_G48C3,1,0.07
cell_id,1344,1344,0,ISU-ILCC_G48C4,1,0.07
cell_id,1344,1344,0,ISU-ILCC_G49C1,1,0.07
cell_id,1344,1344,0,ISU-ILCC_G49C2,1,0.07
cell_id,1344,1344,0,ISU-ILCC_G49C3,1,0.07
cell_id,1344,1344,0,ISU-ILCC_G49C4,1,0.07
cell_id,1344,1344,0,ISU-ILCC_G50C1,1,0.07
cell_id,1344,1344,0,ISU-ILCC_G50C2,1,0.07
cell_id,1344,1344,0,ISU-ILCC_G50C3,1,0.07
cell_id,1344,1344,0,ISU-ILCC_G50C4,1,0.07
cell_id,1344,1344,0,ISU-ILCC_G51C1,1,0.07
cell_id,1344,1344,0,ISU-ILCC_G51C2,1,0.07
cell_id,1344,1344,0,ISU-ILCC_G51C3,1,0.07
cell_id,1344,1344,0,ISU-ILCC_G51C4,1,0.07
cell_id,1344,1344,0,ISU-ILCC_G52C1,1,0.07
cell_id,1344,1344,0,ISU-ILCC_G52C2,1,0.07
cell_id,1344,1344,0,ISU-ILCC_G52C3,1,0.07
cell_id,1344,1344,0,ISU-ILCC_G52C4,1,0.07
cell_id,1344,1344,0,ISU-ILCC_G53C1,1,0.07
cell_id,1344,1344,0,ISU-ILCC_G53C2,1,0.07
cell_id,1344,1344,0,ISU-ILCC_G53C3,1,0.07
cell_id,1344,1344,0,ISU-ILCC_G53C4,1,0.07
cell_id,1344,1344,0,ISU-ILCC_G54C1,1,0.07
cell_id,1344,1344,0,ISU-ILCC_G54C2,1,0.07
cell_id,1344,1344,0,ISU-ILCC_G54C3,1,0.07
cell_id,1344,1344,0,ISU-ILCC_G54C4,1,0.07
cell_id,1344,1344,0,ISU-ILCC_G55C1,1,0.07
cell_id,1344,1344,0,ISU-ILCC_G55C2,1,0.07
cell_id,1344,1344,0,ISU-ILCC_G55C3,1,0.07
cell_id,1344,1344,0,ISU-ILCC_G55C4,1,0.07
cell_id,1344,1344,0,ISU-ILCC_G56C1,1,0.07
cell_id,1344,1344,0,ISU-ILCC_G56C2,1,0.07
cell_id,1344,1344,0,ISU-ILCC_G56C3,1,0.07
cell_id,1344,1344,0,ISU-ILCC_G56C4,1,0.07
cell_id,1344,1344,0,ISU-ILCC_G57C1,1,0.07
cell_id,1344,1344,0,ISU-ILCC_G57C2,1,0.07
cell_id,1344,1344,0,ISU-ILCC_G57C3,1,0.07
cell_id,1344,1344,0,ISU-ILCC_G57C4,1,0.07
cell_id,1344,1344,0,ISU-ILCC_G58C1,1,0.07
cell_id,1344,1344,0,ISU-ILCC_G58C2,1,0.07
cell_id,1344,1344,0,ISU-ILCC_G58C3,1,0.07
cell_id,1344,1344,0,ISU-ILCC_G58C4,1,0.07
cell_id,1344,1344,0,ISU-ILCC_G59C1,1,0.07
cell_id,1344,1344,0,ISU-ILCC_G59C2,1,0.07
cell_id,1344,1344,0,ISU-ILCC_G59C3,1,0.07
cell_id,1344,1344,0,ISU-ILCC_G59C4,1,0.07
cell_id,1344,1344,0,ISU-ILCC_G60C1,1,0.07
cell_id,1344,1344,0,ISU-ILCC_G60C2,1,0.07
cell_id,1344,1344,0,ISU-ILCC_G60C3,1,0.07
cell_id,1344,1344,0,ISU-ILCC_G60C4,1,0.07
cell_id,1344,1344,0,ISU-ILCC_G61C2,1,0.07
cell_id,1344,1344,0,ISU-ILCC_G61C3,1,0.07
cell_id,1344,1344,0,ISU-ILCC_G61C4,1,0.07
cell_id,1344,1344,0,ISU-ILCC_G62C1,1,0.07
cell_id,1344,1344,0,ISU-ILCC_G62C2,1,0.07
cell_id,1344,1344,0,ISU-ILCC_G62C3,1,0.07
cell_id,1344,1344,0,ISU-ILCC_G62C4,1,0.07
cell_id,1344,1344,0,ISU-ILCC_G63C1,1,0.07
cell_id,1344,1344,0,ISU-ILCC_G63C2,1,0.07
cell_id,1344,1344,0,ISU-ILCC_G63C3,1,0.07
cell_id,1344,1344,0,ISU-ILCC_G63C4,1,0.07
cell_id,1344,1344,0,ISU-ILCC_G64C1,1,0.07
cell_id,1344,1344,0,ISU-ILCC_G64C2,1,0.07
cell_id,1344,1344,0,ISU-ILCC_G64C3,1,0.07
cell_id,1344,1344,0,ISU-ILCC_G64C4,1,0.07
cell_id,1344,1344,0,MATR_b1c0,1,0.07
cell_id,1344,1344,0,MATR_b1c1,1,0.07
cell_id,1344,1344,0,MATR_b1c2,1,0.07
cell_id,1344,1344,0,MATR_b1c3,1,0.07
cell_id,1344,1344,0,MATR_b1c4,1,0.07
cell_id,1344,1344,0,MATR_b1c5,1,0.07
cell_id,1344,1344,0,MATR_b1c6,1,0.07
cell_id,1344,1344,0,MATR_b1c7,1,0.07
cell_id,1344,1344,0,MATR_b1c9,1,0.07
cell_id,1344,1344,0,MATR_b1c11,1,0.07
cell_id,1344,1344,0,MATR_b1c14,1,0.07
cell_id,1344,1344,0,MATR_b1c15,1,0.07
cell_id,1344,1344,0,MATR_b1c16,1,0.07
cell_id,1344,1344,0,MATR_b1c17,1,0.07
cell_id,1344,1344,0,MATR_b1c18,1,0.07
cell_id,1344,1344,0,MATR_b1c19,1,0.07
cell_id,1344,1344,0,MATR_b1c20,1,0.07
cell_id,1344,1344,0,MATR_b1c21,1,0.07
cell_id,1344,1344,0,MATR_b1c23,1,0.07
cell_id,1344,1344,0,MATR_b1c24,1,0.07
cell_id,1344,1344,0,MATR_b1c25,1,0.07
cell_id,1344,1344,0,MATR_b1c26,1,0.07
cell_id,1344,1344,0,MATR_b1c27,1,0.07
cell_id,1344,1344,0,MATR_b1c28,1,0.07
cell_id,1344,1344,0,MATR_b1c29,1,0.07
cell_id,1344,1344,0,MATR_b1c30,1,0.07
cell_id,1344,1344,0,MATR_b1c31,1,0.07
cell_id,1344,1344,0,MATR_b1c32,1,0.07
cell_id,1344,1344,0,MATR_b1c33,1,0.07
cell_id,1344,1344,0,MATR_b1c34,1,0.07
cell_id,1344,1344,0,MATR_b1c35,1,0.07
cell_id,1344,1344,0,MATR_b1c36,1,0.07
cell_id,1344,1344,0,MATR_b1c37,1,0.07
cell_id,1344,1344,0,MATR_b1c38,1,0.07
cell_id,1344,1344,0,MATR_b1c39,1,0.07
cell_id,1344,1344,0,MATR_b1c40,1,0.07
cell_id,1344,1344,0,MATR_b1c41,1,0.07
cell_id,1344,1344,0,MATR_b1c42,1,0.07
cell_id,1344,1344,0,MATR_b1c43,1,0.07
cell_id,1344,1344,0,MATR_b1c44,1,0.07
cell_id,1344,1344,0,MATR_b1c45,1,0.07
cell_id,1344,1344,0,MATR_b2c0,1,0.07
cell_id,1344,1344,0,MATR_b2c1,1,0.07
cell_id,1344,1344,0,MATR_b2c2,1,0.07
cell_id,1344,1344,0,MATR_b2c3,1,0.07
cell_id,1344,1344,0,MATR_b2c4,1,0.07
cell_id,1344,1344,0,MATR_b2c5,1,0.07
cell_id,1344,1344,0,MATR_b2c6,1,0.07
cell_id,1344,1344,0,MATR_b2c10,1,0.07
cell_id,1344,1344,0,MATR_b2c11,1,0.07
cell_id,1344,1344,0,MATR_b2c12,1,0.07
cell_id,1344,1344,0,MATR_b2c13,1,0.07
cell_id,1344,1344,0,MATR_b2c14,1,0.07
cell_id,1344,1344,0,MATR_b2c17,1,0.07
cell_id,1344,1344,0,MATR_b2c18,1,0.07
cell_id,1344,1344,0,MATR_b2c19,1,0.07
cell_id,1344,1344,0,MATR_b2c20,1,0.07
cell_id,1344,1344,0,MATR_b2c21,1,0.07
cell_id,1344,1344,0,MATR_b2c22,1,0.07
cell_id,1344,1344,0,MATR_b2c23,1,0.07
cell_id,1344,1344,0,MATR_b2c24,1,0.07
cell_id,1344,1344,0,MATR_b2c25,1,0.07
cell_id,1344,1344,0,MATR_b2c26,1,0.07
cell_id,1344,1344,0,MATR_b2c27,1,0.07
cell_id,1344,1344,0,MATR_b2c28,1,0.07
cell_id,1344,1344,0,MATR_b2c29,1,0.07
cell_id,1344,1344,0,MATR_b2c30,1,0.07
cell_id,1344,1344,0,MATR_b2c31,1,0.07
cell_id,1344,1344,0,MATR_b2c32,1,0.07
cell_id,1344,1344,0,MATR_b2c33,1,0.07
cell_id,1344,1344,0,MATR_b2c34,1,0.07
cell_id,1344,1344,0,MATR_b2c35,1,0.07
cell_id,1344,1344,0,MATR_b2c36,1,0.07
cell_id,1344,1344,0,MATR_b2c37,1,0.07
cell_id,1344,1344,0,MATR_b2c38,1,0.07
cell_id,1344,1344,0,MATR_b2c39,1,0.07
cell_id,1344,1344,0,MATR_b2c40,1,0.07
cell_id,1344,1344,0,MATR_b2c41,1,0.07
cell_id,1344,1344,0,MATR_b2c42,1,0.07
cell_id,1344,1344,0,MATR_b2c43,1,0.07
cell_id,1344,1344,0,MATR_b2c44,1,0.07
cell_id,1344,1344,0,MATR_b2c45,1,0.07
cell_id,1344,1344,0,MATR_b2c46,1,0.07
cell_id,1344,1344,0,MATR_b2c47,1,0.07
cell_id,1344,1344,0,MATR_b3c0,1,0.07
cell_id,1344,1344,0,MATR_b3c1,1,0.07
cell_id,1344,1344,0,MATR_b3c3,1,0.07
cell_id,1344,1344,0,MATR_b3c4,1,0.07
cell_id,1344,1344,0,MATR_b3c5,1,0.07
cell_id,1344,1344,0,MATR_b3c6,1,0.07
cell_id,1344,1344,0,MATR_b3c7,1,0.07
cell_id,1344,1344,0,MATR_b3c8,1,0.07
cell_id,1344,1344,0,MATR_b3c9,1,0.07
cell_id,1344,1344,0,MATR_b3c10,1,0.07
cell_id,1344,1344,0,MATR_b3c11,1,0.07
cell_id,1344,1344,0,MATR_b3c12,1,0.07
cell_id,1344,1344,0,MATR_b3c13,1,0.07
cell_id,1344,1344,0,MATR_b3c14,1,0.07
cell_id,1344,1344,0,MATR_b3c15,1,0.07
cell_id,1344,1344,0,MATR_b3c16,1,0.07
cell_id,1344,1344,0,MATR_b3c17,1,0.07
cell_id,1344,1344,0,MATR_b3c18,1,0.07
cell_id,1344,1344,0,MATR_b3c19,1,0.07
cell_id,1344,1344,0,MATR_b3c20,1,0.07
cell_id,1344,1344,0,MATR_b3c21,1,0.07
cell_id,1344,1344,0,MATR_b3c22,1,0.07
cell_id,1344,1344,0,MATR_b3c24,1,0.07
cell_id,1344,1344,0,MATR_b3c25,1,0.07
cell_id,1344,1344,0,MATR_b3c26,1,0.07
cell_id,1344,1344,0,MATR_b3c27,1,0.07
cell_id,1344,1344,0,MATR_b3c28,1,0.07
cell_id,1344,1344,0,MATR_b3c29,1,0.07
cell_id,1344,1344,0,MATR_b3c30,1,0.07
cell_id,1344,1344,0,MATR_b3c31,1,0.07
cell_id,1344,1344,0,MATR_b3c33,1,0.07
cell_id,1344,1344,0,MATR_b3c34,1,0.07
cell_id,1344,1344,0,MATR_b3c35,1,0.07
cell_id,1344,1344,0,MATR_b3c36,1,0.07
cell_id,1344,1344,0,MATR_b3c38,1,0.07
cell_id,1344,1344,0,MATR_b3c39,1,0.07
cell_id,1344,1344,0,MATR_b3c40,1,0.07
cell_id,1344,1344,0,MATR_b3c41,1,0.07
cell_id,1344,1344,0,MATR_b3c44,1,0.07
cell_id,1344,1344,0,MATR_b3c45,1,0.07
cell_id,1344,1344,0,MATR_b4c0,1,0.07
cell_id,1344,1344,0,MATR_b4c1,1,0.07
cell_id,1344,1344,0,MATR_b4c2,1,0.07
cell_id,1344,1344,0,MATR_b4c3,1,0.07
cell_id,1344,1344,0,MATR_b4c4,1,0.07
cell_id,1344,1344,0,MATR_b4c5,1,0.07
cell_id,1344,1344,0,MATR_b4c6,1,0.07
cell_id,1344,1344,0,MATR_b4c7,1,0.07
cell_id,1344,1344,0,MATR_b4c8,1,0.07
cell_id,1344,1344,0,MATR_b4c9,1,0.07
cell_id,1344,1344,0,MATR_b4c10,1,0.07
cell_id,1344,1344,0,MATR_b4c11,1,0.07
cell_id,1344,1344,0,MATR_b4c12,1,0.07
cell_id,1344,1344,0,MATR_b4c13,1,0.07
cell_id,1344,1344,0,MATR_b4c14,1,0.07
cell_id,1344,1344,0,MATR_b4c15,1,0.07
cell_id,1344,1344,0,MATR_b4c16,1,0.07
cell_id,1344,1344,0,MATR_b4c17,1,0.07
cell_id,1344,1344,0,MATR_b4c18,1,0.07
cell_id,1344,1344,0,MATR_b4c19,1,0.07
cell_id,1344,1344,0,MATR_b4c20,1,0.07
cell_id,1344,1344,0,MATR_b4c21,1,0.07
cell_id,1344,1344,0,MATR_b4c22,1,0.07
cell_id,1344,1344,0,MATR_b4c23,1,0.07
cell_id,1344,1344,0,MATR_b4c24,1,0.07
cell_id,1344,1344,0,MATR_b4c25,1,0.07
cell_id,1344,1344,0,MATR_b4c26,1,0.07
cell_id,1344,1344,0,MATR_b4c27,1,0.07
cell_id,1344,1344,0,MATR_b4c28,1,0.07
cell_id,1344,1344,0,MATR_b4c29,1,0.07
cell_id,1344,1344,0,MATR_b4c30,1,0.07
cell_id,1344,1344,0,MATR_b4c31,1,0.07
cell_id,1344,1344,0,MATR_b4c32,1,0.07
cell_id,1344,1344,0,MATR_b4c33,1,0.07
cell_id,1344,1344,0,MATR_b4c34,1,0.07
cell_id,1344,1344,0,MATR_b4c35,1,0.07
cell_id,1344,1344,0,MATR_b4c36,1,0.07
cell_id,1344,1344,0,MATR_b4c37,1,0.07
cell_id,1344,1344,0,MATR_b4c38,1,0.07
cell_id,1344,1344,0,MATR_b4c39,1,0.07
cell_id,1344,1344,0,MATR_b4c40,1,0.07
cell_id,1344,1344,0,MATR_b4c41,1,0.07
cell_id,1344,1344,0,MATR_b4c42,1,0.07
cell_id,1344,1344,0,MATR_b4c43,1,0.07
cell_id,1344,1344,0,MATR_b4c44,1,0.07
cell_id,1344,1344,0,MICH_BLForm1_pouch_NMC_45C_0-100_1-1C_a,1,0.07
cell_id,1344,1344,0,MICH_BLForm2_pouch_NMC_45C_0-100_1-1C_b,1,0.07
cell_id,1344,1344,0,MICH_BLForm3_pouch_NMC_45C_0-100_1-1C_c,1,0.07
cell_id,1344,1344,0,MICH_BLForm4_pouch_NMC_45C_0-100_1-1C_d,1,0.07
cell_id,1344,1344,0,MICH_BLForm5_pouch_NMC_45C_0-100_1-1C_e,1,0.07
cell_id,1344,1344,0,MICH_BLForm6_pouch_NMC_45C_0-100_1-1C_f,1,0.07
cell_id,1344,1344,0,MICH_BLForm7_pouch_NMC_45C_0-100_1-1C_g,1,0.07
cell_id,1344,1344,0,MICH_BLForm8_pouch_NMC_45C_0-100_1-1C_h,1,0.07
cell_id,1344,1344,0,MICH_BLForm9_pouch_NMC_45C_0-100_1-1C_i,1,0.07
cell_id,1344,1344,0,MICH_BLForm10_pouch_NMC_25C_0-100_1-1C_j,1,0.07
cell_id,1344,1344,0,MICH_BLForm11_pouch_NMC_25C_0-100_1-1C_a,1,0.07
cell_id,1344,1344,0,MICH_BLForm12_pouch_NMC_25C_0-100_1-1C_b,1,0.07
cell_id,1344,1344,0,MICH_BLForm13_pouch_NMC_25C_0-100_1-1C_c,1,0.07
cell_id,1344,1344,0,MICH_BLForm14_pouch_NMC_25C_0-100_1-1C_d,1,0.07
cell_id,1344,1344,0,MICH_BLForm15_pouch_NMC_25C_0-100_1-1C_e,1,0.07
cell_id,1344,1344,0,MICH_BLForm16_pouch_NMC_25C_0-100_1-1C_f,1,0.07
cell_id,1344,1344,0,MICH_BLForm17_pouch_NMC_25C_0-100_1-1C_g,1,0.07
cell_id,1344,1344,0,MICH_BLForm18_pouch_NMC_25C_0-100_1-1C_h,1,0.07
cell_id,1344,1344,0,MICH_BLForm19_pouch_NMC_25C_0-100_1-1C_i,1,0.07
cell_id,1344,1344,0,MICH_BLForm20_pouch_NMC_25C_0-100_1-1C_j,1,0.07
cell_id,1344,1344,0,MICH_MCForm21_pouch_NMC_25C_0-100_1-1C_a,1,0.07
cell_id,1344,1344,0,MICH_MCForm22_pouch_NMC_25C_0-100_1-1C_b,1,0.07
cell_id,1344,1344,0,MICH_MCForm23_pouch_NMC_25C_0-100_1-1C_c,1,0.07
cell_id,1344,1344,0,MICH_MCForm24_pouch_NMC_25C_0-100_1-1C_d,1,0.07
cell_id,1344,1344,0,MICH_MCForm25_pouch_NMC_25C_0-100_1-1C_e,1,0.07
cell_id,1344,1344,0,MICH_MCForm26_pouch_NMC_25C_0-100_1-1C_f,1,0.07
cell_id,1344,1344,0,MICH_MCForm27_pouch_NMC_25C_0-100_1-1C_g,1,0.07
cell_id,1344,1344,0,MICH_MCForm28_pouch_NMC_25C_0-100_1-1C_h,1,0.07
cell_id,1344,1344,0,MICH_MCForm29_pouch_NMC_25C_0-100_1-1C_i,1,0.07
cell_id,1344,1344,0,MICH_MCForm30_pouch_NMC_25C_0-100_1-1C_j,1,0.07
cell_id,1344,1344,0,MICH_MCForm31_pouch_NMC_45C_0-100_1-1C_a,1,0.07
cell_id,1344,1344,0,MICH_MCForm32_pouch_NMC_45C_0-100_1-1C_b,1,0.07
cell_id,1344,1344,0,MICH_MCForm33_pouch_NMC_45C_0-100_1-1C_c,1,0.07
cell_id,1344,1344,0,MICH_MCForm34_pouch_NMC_45C_0-100_1-1C_d,1,0.07
cell_id,1344,1344,0,MICH_MCForm35_pouch_NMC_45C_0-100_1-1C_e,1,0.07
cell_id,1344,1344,0,MICH_MCForm36_pouch_NMC_45C_0-100_1-1C_f,1,0.07
cell_id,1344,1344,0,MICH_MCForm37_pouch_NMC_45C_0-100_1-1C_g,1,0.07
cell_id,1344,1344,0,MICH_MCForm38_pouch_NMC_45C_0-100_1-1C_h,1,0.07
cell_id,1344,1344,0,MICH_MCForm39_pouch_NMC_45C_0-100_1-1C_i,1,0.07
cell_id,1344,1344,0,MICH_MCForm40_pouch_NMC_45C_0-100_1-1C_j,1,0.07
cell_id,1344,1344,0,MICH_01R_pouch_NMC_25C_0-100_0.2-0.2C,1,0.07
cell_id,1344,1344,0,MICH_02C_pouch_NMC_-5C_0-100_0.2-0.2C,1,0.07
cell_id,1344,1344,0,MICH_03H_pouch_NMC_45C_0-100_0.2-0.2C,1,0.07
cell_id,1344,1344,0,MICH_04R_pouch_NMC_25C_0-100_1.5-1.5C,1,0.07
cell_id,1344,1344,0,MICH_05C_pouch_NMC_-5C_0-100_1.5-1.5C,1,0.07
cell_id,1344,1344,0,MICH_06H_pouch_NMC_45C_0-100_1.5-1.5C,1,0.07
cell_id,1344,1344,0,MICH_07R_pouch_NMC_25C_0-100_2-2C,1,0.07
cell_id,1344,1344,0,MICH_08C_pouch_NMC_-5C_0-100_2-2C,1,0.07
cell_id,1344,1344,0,MICH_09H_pouch_NMC_45C_0-100_2-2C,1,0.07
cell_id,1344,1344,0,MICH_10R_pouch_NMC_25C_0-100_0.2-1.5C,1,0.07
cell_id,1344,1344,0,MICH_11C_pouch_NMC_-5C_0-100_0.2-1.5C,1,0.07
cell_id,1344,1344,0,MICH_12H_pouch_NMC_45C_0-100_0.2-1.5C,1,0.07
cell_id,1344,1344,0,MICH_13R_pouch_NMC_25C_50-100_0.2-0.2C,1,0.07
cell_id,1344,1344,0,MICH_14C_pouch_NMC_-5C_50-100_0.2-0.2C,1,0.07
cell_id,1344,1344,0,MICH_15H_pouch_NMC_45C_50-100_0.2-0.2C,1,0.07
cell_id,1344,1344,0,MICH_16R_pouch_NMC_25C_50-100_0.2-1.5C,1,0.07
cell_id,1344,1344,0,MICH_17C_pouch_NMC_-5C_50-100_0.2-1.5C,1,0.07
cell_id,1344,1344,0,MICH_18H_pouch_NMC_45C_50-100_0.2-1.5C,1,0.07
cell_id,1344,1344,0,NA-ion_2850-30_20250117105706_DefaultGroup_45_2,1,0.07
cell_id,1344,1344,0,NA-ion_4000-30_20250115110206_DefaultGroup_45_1,1,0.07
cell_id,1344,1344,0,NA-ion_4500-30_20250114232539_DefaultGroup_45_8,1,0.07
cell_id,1344,1344,0,NA-ion_5000-25_20250115110326_DefaultGroup_38_1,1,0.07
cell_id,1344,1344,0,NA-ion_5000-25_20250115110326_DefaultGroup_38_2,1,0.07
cell_id,1344,1344,0,NA-ion_270040-1-1-64,1,0.07
cell_id,1344,1344,0,NA-ion_270040-1-2-63,1,0.07
cell_id,1344,1344,0,NA-ion_270040-1-3-62,1,0.07
cell_id,1344,1344,0,NA-ion_270040-1-4-61,1,0.07
cell_id,1344,1344,0,NA-ion_270040-1-5-60,1,0.07
cell_id,1344,1344,0,NA-ion_270040-1-6-59,1,0.07
cell_id,1344,1344,0,NA-ion_270040-1-7-58,1,0.07
cell_id,1344,1344,0,NA-ion_270040-1-8-57,1,0.07
cell_id,1344,1344,0,NA-ion_270040-2-1-12,1,0.07
cell_id,1344,1344,0,NA-ion_270040-2-2-12,1,0.07
cell_id,1344,1344,0,NA-ion_270040-2-3-12,1,0.07
cell_id,1344,1344,0,NA-ion_270040-2-4-12,1,0.07
cell_id,1344,1344,0,NA-ion_270040-2-5-12,1,0.07
cell_id,1344,1344,0,NA-ion_270040-2-6-12,1,0.07
cell_id,1344,1344,0,NA-ion_270040-2-7-12,1,0.07
cell_id,1344,1344,0,NA-ion_270040-2-8-12,1,0.07
cell_id,1344,1344,0,NA-ion_270040-3-1-56,1,0.07
cell_id,1344,1344,0,NA-ion_270040-3-2-55,1,0.07
cell_id,1344,1344,0,NA-ion_270040-3-3-54,1,0.07
cell_id,1344,1344,0,NA-ion_270040-3-4-53,1,0.07
cell_id,1344,1344,0,NA-ion_270040-3-5-52,1,0.07
cell_id,1344,1344,0,NA-ion_270040-3-6-51,1,0.07
cell_id,1344,1344,0,NA-ion_270040-3-7-50,1,0.07
cell_id,1344,1344,0,NA-ion_270040-3-8-49,1,0.07
cell_id,1344,1344,0,NA-ion_270040-4-1-48,1,0.07
cell_id,1344,1344,0,NA-ion_270040-4-2-47,1,0.07
cell_id,1344,1344,0,NA-ion_270040-4-3-46,1,0.07
cell_id,1344,1344,0,NA-ion_270040-4-4-45,1,0.07
cell_id,1344,1344,0,NA-ion_270040-4-5-44,1,0.07
cell_id,1344,1344,0,NA-ion_270040-4-6-43,1,0.07
cell_id,1344,1344,0,NA-ion_270040-4-7-42,1,0.07
cell_id,1344,1344,0,NA-ion_270040-4-8-41,1,0.07
cell_id,1344,1344,0,NA-ion_270040-5-1-39,1,0.07
cell_id,1344,1344,0,NA-ion_270040-5-2-38,1,0.07
cell_id,1344,1344,0,NA-ion_270040-5-3-37,1,0.07
cell_id,1344,1344,0,NA-ion_270040-5-4-36,1,0.07
cell_id,1344,1344,0,NA-ion_270040-5-5-35,1,0.07
cell_id,1344,1344,0,NA-ion_270040-5-6-34,1,0.07
cell_id,1344,1344,0,NA-ion_270040-5-7-33,1,0.07
cell_id,1344,1344,0,NA-ion_270040-5-8-32,1,0.07
cell_id,1344,1344,0,NA-ion_270040-6-1-31,1,0.07
cell_id,1344,1344,0,NA-ion_270040-6-2-30,1,0.07
cell_id,1344,1344,0,NA-ion_270040-6-3-29,1,0.07
cell_id,1344,1344,0,NA-ion_270040-6-4-28,1,0.07
cell_id,1344,1344,0,NA-ion_270040-6-5-27,1,0.07
cell_id,1344,1344,0,NA-ion_270040-6-6-26,1,0.07
cell_id,1344,1344,0,NA-ion_270040-6-7-25,1,0.07
cell_id,1344,1344,0,NA-ion_270040-6-8-24,1,0.07
cell_id,1344,1344,0,NA-ion_270040-7-1-23,1,0.07
cell_id,1344,1344,0,NA-ion_270040-7-2-22,1,0.07
cell_id,1344,1344,0,NA-ion_270040-7-3-21,1,0.07
cell_id,1344,1344,0,NA-ion_270040-8-1-20,1,0.07
cell_id,1344,1344,0,NA-ion_270040-8-2-19,1,0.07
cell_id,1344,1344,0,NA-ion_270040-8-3-18,1,0.07
cell_id,1344,1344,0,NA-ion_270040-8-4-17,1,0.07
cell_id,1344,1344,0,NA-ion_270040-8-5-16,1,0.07
cell_id,1344,1344,0,NA-ion_270040-8-6-15,1,0.07
cell_id,1344,1344,0,NA-ion_270040-8-7-14,1,0.07
cell_id,1344,1344,0,NA-ion_270040-8-8-13,1,0.07
cell_id,1344,1344,0,RWTH_002,1,0.07
cell_id,1344,1344,0,RWTH_003,1,0.07
cell_id,1344,1344,0,RWTH_004,1,0.07
cell_id,1344,1344,0,RWTH_005,1,0.07
cell_id,1344,1344,0,RWTH_006,1,0.07
cell_id,1344,1344,0,RWTH_007,1,0.07
cell_id,1344,1344,0,RWTH_008,1,0.07
cell_id,1344,1344,0,RWTH_009,1,0.07
cell_id,1344,1344,0,RWTH_010,1,0.07
cell_id,1344,1344,0,RWTH_011,1,0.07
cell_id,1344,1344,0,RWTH_012,1,0.07
cell_id,1344,1344,0,RWTH_013,1,0.07
cell_id,1344,1344,0,RWTH_014,1,0.07
cell_id,1344,1344,0,RWTH_015,1,0.07
cell_id,1344,1344,0,RWTH_016,1,0.07
cell_id,1344,1344,0,RWTH_017,1,0.07
cell_id,1344,1344,0,RWTH_018,1,0.07
cell_id,1344,1344,0,RWTH_019,1,0.07
cell_id,1344,1344,0,RWTH_020,1,0.07
cell_id,1344,1344,0,RWTH_021,1,0.07
cell_id,1344,1344,0,RWTH_022,1,0.07
cell_id,1344,1344,0,RWTH_023,1,0.07
cell_id,1344,1344,0,RWTH_024,1,0.07
cell_id,1344,1344,0,RWTH_025,1,0.07
cell_id,1344,1344,0,RWTH_026,1,0.07
cell_id,1344,1344,0,RWTH_027,1,0.07
cell_id,1344,1344,0,RWTH_028,1,0.07
cell_id,1344,1344,0,RWTH_029,1,0.07
cell_id,1344,1344,0,RWTH_030,1,0.07
cell_id,1344,1344,0,RWTH_031,1,0.07
cell_id,1344,1344,0,RWTH_032,1,0.07
cell_id,1344,1344,0,RWTH_033,1,0.07
cell_id,1344,1344,0,RWTH_034,1,0.07
cell_id,1344,1344,0,RWTH_035,1,0.07
cell_id,1344,1344,0,RWTH_036,1,0.07
cell_id,1344,1344,0,RWTH_037,1,0.07
cell_id,1344,1344,0,RWTH_038,1,0.07
cell_id,1344,1344,0,RWTH_039,1,0.07
cell_id,1344,1344,0,RWTH_040,1,0.07
cell_id,1344,1344,0,RWTH_041,1,0.07
cell_id,1344,1344,0,RWTH_042,1,0.07
cell_id,1344,1344,0,RWTH_043,1,0.07
cell_id,1344,1344,0,RWTH_044,1,0.07
cell_id,1344,1344,0,RWTH_045,1,0.07
cell_id,1344,1344,0,RWTH_046,1,0.07
cell_id,1344,1344,0,RWTH_047,1,0.07
cell_id,1344,1344,0,RWTH_048,1,0.07
cell_id,1344,1344,0,RWTH_049,1,0.07
cell_id,1344,1344,0,SDU_Battery_1,1,0.07
cell_id,1344,1344,0,SDU_Battery_2,1,0.07
cell_id,1344,1344,0,SDU_Battery_3,1,0.07
cell_id,1344,1344,0,SDU_Battery_4,1,0.07
cell_id,1344,1344,0,SDU_Battery_5,1,0.07
cell_id,1344,1344,0,SDU_Battery_6,1,0.07
cell_id,1344,1344,0,SDU_Battery_7,1,0.07
cell_id,1344,1344,0,SDU_Battery_8,1,0.07
cell_id,1344,1344,0,SDU_Battery_9,1,0.07
cell_id,1344,1344,0,SDU_Battery_10,1,0.07
cell_id,1344,1344,0,SDU_Battery_11,1,0.07
cell_id,1344,1344,0,SDU_Battery_12,1,0.07
cell_id,1344,1344,0,SDU_Battery_13,1,0.07
cell_id,1344,1344,0,SDU_Battery_14,1,0.07
cell_id,1344,1344,0,SDU_Battery_15,1,0.07
cell_id,1344,1344,0,SDU_Battery_16,1,0.07
cell_id,1344,1344,0,SDU_Battery_17,1,0.07
cell_id,1344,1344,0,SDU_Battery_18,1,0.07
cell_id,1344,1344,0,SDU_Battery_19,1,0.07
cell_id,1344,1344,0,SDU_Battery_20,1,0.07
cell_id,1344,1344,0,SDU_Battery_21,1,0.07
cell_id,1344,1344,0,SDU_Battery_22,1,0.07
cell_id,1344,1344,0,SDU_Battery_23,1,0.07
cell_id,1344,1344,0,SDU_Battery_24,1,0.07
cell_id,1344,1344,0,SDU_Battery_25,1,0.07
cell_id,1344,1344,0,SDU_Battery_26,1,0.07
cell_id,1344,1344,0,SDU_Battery_27,1,0.07
cell_id,1344,1344,0,SDU_Battery_28,1,0.07
cell_id,1344,1344,0,SDU_Battery_29,1,0.07
cell_id,1344,1344,0,SDU_Battery_30,1,0.07
cell_id,1344,1344,0,SDU_Battery_31,1,0.07
cell_id,1344,1344,0,SDU_Battery_32,1,0.07
cell_id,1344,1344,0,SDU_Battery_33,1,0.07
cell_id,1344,1344,0,SDU_Battery_34,1,0.07
cell_id,1344,1344,0,SDU_Battery_35,1,0.07
cell_id,1344,1344,0,SDU_Battery_36,1,0.07
cell_id,1344,1344,0,SDU_Battery_37,1,0.07
cell_id,1344,1344,0,SDU_Battery_38,1,0.07
cell_id,1344,1344,0,SDU_Battery_39,1,0.07
cell_id,1344,1344,0,SDU_Battery_40,1,0.07
cell_id,1344,1344,0,SDU_Battery_41,1,0.07
cell_id,1344,1344,0,SDU_Battery_42,1,0.07
cell_id,1344,1344,0,SDU_Battery_43,1,0.07
cell_id,1344,1344,0,SDU_Battery_44,1,0.07
cell_id,1344,1344,0,SDU_Battery_45,1,0.07
cell_id,1344,1344,0,SDU_Battery_46,1,0.07
cell_id,1344,1344,0,SDU_Battery_47,1,0.07
cell_id,1344,1344,0,SDU_Battery_48,1,0.07
cell_id,1344,1344,0,SDU_Battery_49,1,0.07
cell_id,1344,1344,0,SDU_Battery_50,1,0.07
cell_id,1344,1344,0,SDU_Battery_51,1,0.07
cell_id,1344,1344,0,SDU_Battery_52,1,0.07
cell_id,1344,1344,0,SDU_Battery_53,1,0.07
cell_id,1344,1344,0,SDU_Battery_54,1,0.07
cell_id,1344,1344,0,SDU_Battery_55,1,0.07
cell_id,1344,1344,0,SDU_Battery_56,1,0.07
cell_id,1344,1344,0,SDU_Battery_57,1,0.07
cell_id,1344,1344,0,SDU_Battery_58,1,0.07
cell_id,1344,1344,0,SDU_Battery_59,1,0.07
cell_id,1344,1344,0,SDU_Battery_60,1,0.07
cell_id,1344,1344,0,SDU_Battery_61,1,0.07
cell_id,1344,1344,0,SDU_Battery_62,1,0.07
cell_id,1344,1344,0,SDU_Battery_63,1,0.07
cell_id,1344,1344,0,SDU_Battery_64,1,0.07
cell_id,1344,1344,0,SDU_Battery_65,1,0.07
cell_id,1344,1344,0,SDU_Battery_66,1,0.07
cell_id,1344,1344,0,SDU_Battery_67,1,0.07
cell_id,1344,1344,0,SDU_Battery_68,1,0.07
cell_id,1344,1344,0,SDU_Battery_69,1,0.07
cell_id,1344,1344,0,SDU_Battery_70,1,0.07
cell_id,1344,1344,0,SDU_Battery_71,1,0.07
cell_id,1344,1344,0,SDU_Battery_72,1,0.07
cell_id,1344,1344,0,SDU_Battery_73,1,0.07
cell_id,1344,1344,0,SDU_Battery_74,1,0.07
cell_id,1344,1344,0,SDU_Battery_75,1,0.07
cell_id,1344,1344,0,SDU_Battery_76,1,0.07
cell_id,1344,1344,0,SDU_Battery_77,1,0.07
cell_id,1344,1344,0,SDU_Battery_78,1,0.07
cell_id,1344,1344,0,SDU_Battery_79,1,0.07
cell_id,1344,1344,0,SDU_Battery_80,1,0.07
cell_id,1344,1344,0,SDU_Battery_81,1,0.07
cell_id,1344,1344,0,SDU_Battery_82,1,0.07
cell_id,1344,1344,0,SDU_Battery_83,1,0.07
cell_id,1344,1344,0,SDU_Battery_84,1,0.07
cell_id,1344,1344,0,SDU_Battery_85,1,0.07
cell_id,1344,1344,0,SDU_Battery_86,1,0.07
cell_id,1344,1344,0,SNL_18650_LFP_15C_0-100_0.5-2C_b,1,0.07
cell_id,1344,1344,0,SNL_18650_LFP_25C_0-100_0.5-0.5C_a,1,0.07
cell_id,1344,1344,0,SNL_18650_LFP_25C_0-100_0.5-1C_a,1,0.07
cell_id,1344,1344,0,SNL_18650_LFP_25C_0-100_0.5-1C_b,1,0.07
cell_id,1344,1344,0,SNL_18650_LFP_25C_0-100_0.5-1C_c,1,0.07
cell_id,1344,1344,0,SNL_18650_LFP_25C_0-100_0.5-1C_d,1,0.07
cell_id,1344,1344,0,SNL_18650_LFP_25C_0-100_0.5-2C_a,1,0.07
cell_id,1344,1344,0,SNL_18650_LFP_25C_0-100_0.5-2C_b,1,0.07
cell_id,1344,1344,0,SNL_18650_LFP_25C_0-100_0.5-3C_a,1,0.07
cell_id,1344,1344,0,SNL_18650_LFP_25C_0-100_0.5-3C_b,1,0.07
cell_id,1344,1344,0,SNL_18650_LFP_25C_0-100_0.5-3C_c,1,0.07
cell_id,1344,1344,0,SNL_18650_LFP_25C_0-100_0.5-3C_d,1,0.07
cell_id,1344,1344,0,SNL_18650_LFP_35C_0-100_0.5-1C_a,1,0.07
cell_id,1344,1344,0,SNL_18650_LFP_35C_0-100_0.5-1C_b,1,0.07
cell_id,1344,1344,0,SNL_18650_LFP_35C_0-100_0.5-1C_c,1,0.07
cell_id,1344,1344,0,SNL_18650_LFP_35C_0-100_0.5-1C_d,1,0.07
cell_id,1344,1344,0,SNL_18650_LFP_35C_0-100_0.5-2C_a,1,0.07
cell_id,1344,1344,0,SNL_18650_LFP_35C_0-100_0.5-2C_b,1,0.07
cell_id,1344,1344,0,SNL_18650_NCA_15C_0-100_0.5-1C_a,1,0.07
cell_id,1344,1344,0,SNL_18650_NCA_15C_0-100_0.5-1C_b,1,0.07
cell_id,1344,1344,0,SNL_18650_NCA_15C_0-100_0.5-2C_a,1,0.07
cell_id,1344,1344,0,SNL_18650_NCA_15C_0-100_0.5-2C_b,1,0.07
cell_id,1344,1344,0,SNL_18650_NCA_25C_0-100_0.5-0.5C_a,1,0.07
cell_id,1344,1344,0,SNL_18650_NCA_25C_0-100_0.5-0.5C_b,1,0.07
cell_id,1344,1344,0,SNL_18650_NCA_25C_0-100_0.5-1C_a,1,0.07
cell_id,1344,1344,0,SNL_18650_NCA_25C_0-100_0.5-1C_b,1,0.07
cell_id,1344,1344,0,SNL_18650_NCA_25C_0-100_0.5-1C_c,1,0.07
cell_id,1344,1344,0,SNL_18650_NCA_25C_0-100_0.5-1C_d,1,0.07
cell_id,1344,1344,0,SNL_18650_NCA_25C_0-100_0.5-2C_a,1,0.07
cell_id,1344,1344,0,SNL_18650_NCA_25C_0-100_0.5-2C_b,1,0.07
cell_id,1344,1344,0,SNL_18650_NCA_25C_20-80_0.5-0.5C_a,1,0.07
cell_id,1344,1344,0,SNL_18650_NCA_25C_20-80_0.5-0.5C_b,1,0.07
cell_id,1344,1344,0,SNL_18650_NCA_25C_20-80_0.5-0.5C_c,1,0.07
cell_id,1344,1344,0,SNL_18650_NCA_25C_20-80_0.5-0.5C_d,1,0.07
cell_id,1344,1344,0,SNL_18650_NCA_35C_0-100_0.5-1C_a,1,0.07
cell_id,1344,1344,0,SNL_18650_NCA_35C_0-100_0.5-1C_b,1,0.07
cell_id,1344,1344,0,SNL_18650_NCA_35C_0-100_0.5-1C_c,1,0.07
cell_id,1344,1344,0,SNL_18650_NCA_35C_0-100_0.5-1C_d,1,0.07
cell_id,1344,1344,0,SNL_18650_NCA_35C_0-100_0.5-2C_a,1,0.07
cell_id,1344,1344,0,SNL_18650_NCA_35C_0-100_0.5-2C_b,1,0.07
cell_id,1344,1344,0,SNL_18650_NMC_15C_0-100_0.5-1C_a,1,0.07
cell_id,1344,1344,0,SNL_18650_NMC_15C_0-100_0.5-1C_b,1,0.07
cell_id,1344,1344,0,SNL_18650_NMC_15C_0-100_0.5-2C_a,1,0.07
cell_id,1344,1344,0,SNL_18650_NMC_15C_0-100_0.5-2C_b,1,0.07
cell_id,1344,1344,0,SNL_18650_NMC_25C_0-100_0.5-0.5C_b,1,0.07
cell_id,1344,1344,0,SNL_18650_NMC_25C_0-100_0.5-1C_a,1,0.07
cell_id,1344,1344,0,SNL_18650_NMC_25C_0-100_0.5-1C_b,1,0.07
cell_id,1344,1344,0,SNL_18650_NMC_25C_0-100_0.5-1C_c,1,0.07
cell_id,1344,1344,0,SNL_18650_NMC_25C_0-100_0.5-1C_d,1,0.07
cell_id,1344,1344,0,SNL_18650_NMC_25C_0-100_0.5-2C_a,1,0.07
cell_id,1344,1344,0,SNL_18650_NMC_25C_0-100_0.5-2C_b,1,0.07
cell_id,1344,1344,0,SNL_18650_NMC_25C_0-100_0.5-3C_a,1,0.07
cell_id,1344,1344,0,SNL_18650_NMC_25C_0-100_0.5-3C_b,1,0.07
cell_id,1344,1344,0,SNL_18650_NMC_25C_0-100_0.5-3C_c,1,0.07
cell_id,1344,1344,0,SNL_18650_NMC_25C_0-100_0.5-3C_d,1,0.07
cell_id,1344,1344,0,SNL_18650_NMC_35C_0-100_0.5-1C_a,1,0.07
cell_id,1344,1344,0,SNL_18650_NMC_35C_0-100_0.5-1C_b,1,0.07
cell_id,1344,1344,0,SNL_18650_NMC_35C_0-100_0.5-1C_c,1,0.07
cell_id,1344,1344,0,SNL_18650_NMC_35C_0-100_0.5-1C_d,1,0.07
cell_id,1344,1344,0,SNL_18650_NMC_35C_0-100_0.5-2C_a,1,0.07
cell_id,1344,1344,0,SNL_18650_NMC_35C_0-100_0.5-2C_b,1,0.07
cell_id,1344,1344,0,Stanford_Nova_Regular_Ref_100,1,0.07
cell_id,1344,1344,0,Stanford_Nova_Regular_Ref_101,1,0.07
cell_id,1344,1344,0,Stanford_Nova_Regular_Ref_102,1,0.07
cell_id,1344,1344,0,Stanford_Nova_Regular_100,1,0.07
cell_id,1344,1344,0,Stanford_Nova_Regular_101,1,0.07
cell_id,1344,1344,0,Stanford_Nova_Regular_102,1,0.07
cell_id,1344,1344,0,Stanford_Nova_Regular_103,1,0.07
cell_id,1344,1344,0,Stanford_Nova_Regular_104,1,0.07
cell_id,1344,1344,0,Stanford_Nova_Regular_105,1,0.07
cell_id,1344,1344,0,Stanford_Nova_Regular_106,1,0.07
cell_id,1344,1344,0,Stanford_Nova_Regular_107,1,0.07
cell_id,1344,1344,0,Stanford_Nova_Regular_108,1,0.07
cell_id,1344,1344,0,Stanford_Nova_Regular_109,1,0.07
cell_id,1344,1344,0,Stanford_Nova_Regular_110,1,0.07
cell_id,1344,1344,0,Stanford_Nova_Regular_112,1,0.07
cell_id,1344,1344,0,Stanford_Nova_Regular_113,1,0.07
cell_id,1344,1344,0,Stanford_Nova_Regular_114,1,0.07
cell_id,1344,1344,0,Stanford_Nova_Regular_115,1,0.07
cell_id,1344,1344,0,Stanford_Nova_Regular_116,1,0.07
cell_id,1344,1344,0,Stanford_Nova_Regular_117,1,0.07
cell_id,1344,1344,0,Stanford_Nova_Regular_118,1,0.07
cell_id,1344,1344,0,Stanford_Nova_Regular_119,1,0.07
cell_id,1344,1344,0,Stanford_Nova_Regular_120,1,0.07
cell_id,1344,1344,0,Stanford_Nova_Regular_121,1,0.07
cell_id,1344,1344,0,Stanford_Nova_Regular_122,1,0.07
cell_id,1344,1344,0,Stanford_Nova_Regular_123,1,0.07
cell_id,1344,1344,0,Stanford_Nova_Regular_124,1,0.07
cell_id,1344,1344,0,Stanford_Nova_Regular_125,1,0.07
cell_id,1344,1344,0,Stanford_Nova_Regular_126,1,0.07
cell_id,1344,1344,0,Stanford_Nova_Regular_127,1,0.07
cell_id,1344,1344,0,Stanford_Nova_Regular_128,1,0.07
cell_id,1344,1344,0,Stanford_Nova_Regular_129,1,0.07
cell_id,1344,1344,0,Stanford_Nova_Regular_130,1,0.07
cell_id,1344,1344,0,Stanford_Nova_Regular_131,1,0.07
cell_id,1344,1344,0,Stanford_Nova_Regular_134,1,0.07
cell_id,1344,1344,0,Stanford_Nova_Regular_135,1,0.07
cell_id,1344,1344,0,Stanford_Nova_Regular_136,1,0.07
cell_id,1344,1344,0,Stanford_Nova_Regular_137,1,0.07
cell_id,1344,1344,0,Stanford_Nova_Regular_138,1,0.07
cell_id,1344,1344,0,Stanford_Nova_Regular_139,1,0.07
cell_id,1344,1344,0,Stanford_Nova_Regular_140,1,0.07
cell_id,1344,1344,0,Stanford_Nova_Regular_141,1,0.07
cell_id,1344,1344,0,Stanford_Nova_Regular_142,1,0.07
cell_id,1344,1344,0,Stanford_Nova_Regular_143,1,0.07
cell_id,1344,1344,0,Stanford_Nova_Regular_144,1,0.07
cell_id,1344,1344,0,Stanford_Nova_Regular_145,1,0.07
cell_id,1344,1344,0,Stanford_Nova_Regular_146,1,0.07
cell_id,1344,1344,0,Stanford_Nova_Regular_147,1,0.07
cell_id,1344,1344,0,Stanford_Nova_Regular_148,1,0.07
cell_id,1344,1344,0,Stanford_Nova_Regular_149,1,0.07
cell_id,1344,1344,0,Stanford_Nova_Regular_150,1,0.07
cell_id,1344,1344,0,Stanford_Nova_Regular_151,1,0.07
cell_id,1344,1344,0,Stanford_Nova_Regular_152,1,0.07
cell_id,1344,1344,0,Stanford_Nova_Regular_154,1,0.07
cell_id,1344,1344,0,Stanford_Nova_Regular_155,1,0.07
cell_id,1344,1344,0,Stanford_Nova_Regular_156,1,0.07
cell_id,1344,1344,0,Stanford_Nova_Regular_157,1,0.07
cell_id,1344,1344,0,Stanford_Nova_Regular_158,1,0.07
cell_id,1344,1344,0,Stanford_Nova_Regular_159,1,0.07
cell_id,1344,1344,0,Stanford_Nova_Regular_160,1,0.07
cell_id,1344,1344,0,Stanford_Nova_Regular_161,1,0.07
cell_id,1344,1344,0,Stanford_Nova_Regular_162,1,0.07
cell_id,1344,1344,0,Stanford_Nova_Regular_163,1,0.07
cell_id,1344,1344,0,Stanford_Nova_Regular_165,1,0.07
cell_id,1344,1344,0,Stanford_Nova_Regular_166,1,0.07
cell_id,1344,1344,0,Stanford_Nova_Regular_167,1,0.07
cell_id,1344,1344,0,Stanford_Nova_Regular_168,1,0.07
cell_id,1344,1344,0,Stanford_Nova_Regular_169,1,0.07
cell_id,1344,1344,0,Stanford_Nova_Regular_170,1,0.07
cell_id,1344,1344,0,Stanford_Nova_Regular_171,1,0.07
cell_id,1344,1344,0,Stanford_Nova_Regular_172,1,0.07
cell_id,1344,1344,0,Stanford_Nova_Regular_173,1,0.07
cell_id,1344,1344,0,Stanford_Nova_Regular_174,1,0.07
cell_id,1344,1344,0,Stanford_Nova_Regular_175,1,0.07
cell_id,1344,1344,0,Stanford_Nova_Regular_176,1,0.07
cell_id,1344,1344,0,Stanford_Nova_Regular_177,1,0.07
cell_id,1344,1344,0,Stanford_Nova_Regular_178,1,0.07
cell_id,1344,1344,0,Stanford_Nova_Regular_179,1,0.07
cell_id,1344,1344,0,Stanford_Nova_Regular_180,1,0.07
cell_id,1344,1344,0,Stanford_Nova_Regular_181,1,0.07
cell_id,1344,1344,0,Stanford_Nova_Regular_182,1,0.07
cell_id,1344,1344,0,Stanford_Nova_Regular_183,1,0.07
cell_id,1344,1344,0,Stanford_Nova_Regular_184,1,0.07
cell_id,1344,1344,0,Stanford_Nova_Regular_185,1,0.07
cell_id,1344,1344,0,Stanford_Nova_Regular_186,1,0.07
cell_id,1344,1344,0,Stanford_Nova_Regular_187,1,0.07
cell_id,1344,1344,0,Stanford_Nova_Regular_188,1,0.07
cell_id,1344,1344,0,Stanford_Nova_Regular_189,1,0.07
cell_id,1344,1344,0,Stanford_Nova_Regular_190,1,0.07
cell_id,1344,1344,0,Stanford_Nova_Regular_269,1,0.07
cell_id,1344,1344,0,Stanford_Nova_Regular_270,1,0.07
cell_id,1344,1344,0,Stanford_Nova_Regular_271,1,0.07
cell_id,1344,1344,0,Stanford_Nova_Regular_272,1,0.07
cell_id,1344,1344,0,Stanford_Nova_Regular_273,1,0.07
cell_id,1344,1344,0,Stanford_Nova_Regular_274,1,0.07
cell_id,1344,1344,0,Stanford_Nova_Regular_275,1,0.07
cell_id,1344,1344,0,Stanford_Nova_Regular_276,1,0.07
cell_id,1344,1344,0,Stanford_Nova_Regular_277,1,0.07
cell_id,1344,1344,0,Stanford_Nova_Regular_278,1,0.07
cell_id,1344,1344,0,Stanford_Nova_Regular_279,1,0.07
cell_id,1344,1344,0,Stanford_Nova_Regular_280,1,0.07
cell_id,1344,1344,0,Stanford_Nova_Regular_281,1,0.07
cell_id,1344,1344,0,Stanford_Nova_Regular_282,1,0.07
cell_id,1344,1344,0,Stanford_Nova_Regular_283,1,0.07
cell_id,1344,1344,0,Stanford_Nova_Regular_284,1,0.07
cell_id,1344,1344,0,Stanford_Nova_Regular_285,1,0.07
cell_id,1344,1344,0,Stanford_Nova_Regular_286,1,0.07
cell_id,1344,1344,0,Stanford_Nova_Regular_287,1,0.07
cell_id,1344,1344,0,Stanford_Nova_Regular_288,1,0.07
cell_id,1344,1344,0,Stanford_Nova_Regular_289,1,0.07
cell_id,1344,1344,0,Stanford_Nova_Regular_290,1,0.07
cell_id,1344,1344,0,Stanford_Nova_Regular_291,1,0.07
cell_id,1344,1344,0,Stanford_Nova_Regular_292,1,0.07
cell_id,1344,1344,0,Stanford_Nova_Regular_293,1,0.07
cell_id,1344,1344,0,Stanford_Nova_Regular_294,1,0.07
cell_id,1344,1344,0,Stanford_Nova_Regular_295,1,0.07
cell_id,1344,1344,0,Stanford_Nova_Regular_296,1,0.07
cell_id,1344,1344,0,Stanford_Nova_Regular_297,1,0.07
cell_id,1344,1344,0,Stanford_Nova_Regular_299,1,0.07
cell_id,1344,1344,0,Stanford_Nova_Regular_300,1,0.07
cell_id,1344,1344,0,Stanford_Nova_Regular_301,1,0.07
cell_id,1344,1344,0,Stanford_Nova_Regular_302,1,0.07
cell_id,1344,1344,0,Stanford_Nova_Regular_303,1,0.07
cell_id,1344,1344,0,Stanford_Nova_Regular_304,1,0.07
cell_id,1344,1344,0,Stanford_Nova_Regular_305,1,0.07
cell_id,1344,1344,0,Stanford_Nova_Regular_306,1,0.07
cell_id,1344,1344,0,Stanford_Nova_Regular_307,1,0.07
cell_id,1344,1344,0,Stanford_Nova_Regular_308,1,0.07
cell_id,1344,1344,0,Stanford_Nova_Regular_309,1,0.07
cell_id,1344,1344,0,Stanford_Nova_Regular_310,1,0.07
cell_id,1344,1344,0,Stanford_Nova_Regular_311,1,0.07
cell_id,1344,1344,0,Stanford_Nova_Regular_312,1,0.07
cell_id,1344,1344,0,Stanford_Nova_Regular_313,1,0.07
cell_id,1344,1344,0,Stanford_Nova_Regular_314,1,0.07
cell_id,1344,1344,0,Stanford_Nova_Regular_315,1,0.07
cell_id,1344,1344,0,Stanford_Nova_Regular_316,1,0.07
cell_id,1344,1344,0,Stanford_Nova_Regular_317,1,0.07
cell_id,1344,1344,0,Stanford_Nova_Regular_318,1,0.07
cell_id,1344,1344,0,Stanford_Nova_Regular_319,1,0.07
cell_id,1344,1344,0,Stanford_Nova_Regular_320,1,0.07
cell_id,1344,1344,0,Stanford_Nova_Regular_321,1,0.07
cell_id,1344,1344,0,Stanford_Nova_Regular_322,1,0.07
cell_id,1344,1344,0,Stanford_Nova_Regular_323,1,0.07
cell_id,1344,1344,0,Stanford_Nova_Regular_324,1,0.07
cell_id,1344,1344,0,Stanford_Nova_Regular_325,1,0.07
cell_id,1344,1344,0,Stanford_Nova_Regular_326,1,0.07
cell_id,1344,1344,0,Tongji1_CY25-1_1--1,1,0.07
cell_id,1344,1344,0,Tongji1_CY25-1_1--2,1,0.07
cell_id,1344,1344,0,Tongji1_CY25-1_1--3,1,0.07
cell_id,1344,1344,0,Tongji1_CY25-1_1--4,1,0.07
cell_id,1344,1344,0,Tongji1_CY25-1_1--5,1,0.07
cell_id,1344,1344,0,Tongji1_CY25-1_1--6,1,0.07
cell_id,1344,1344,0,Tongji1_CY25-1_1--7,1,0.07
cell_id,1344,1344,0,Tongji1_CY25-1_1--8,1,0.07
cell_id,1344,1344,0,Tongji1_CY25-1_1--9,1,0.07
cell_id,1344,1344,0,Tongji1_CY25-05_1--1,1,0.07
cell_id,1344,1344,0,Tongji1_CY25-05_1--2,1,0.07
cell_id,1344,1344,0,Tongji1_CY25-05_1--3,1,0.07
cell_id,1344,1344,0,Tongji1_CY25-05_1--4,1,0.07
cell_id,1344,1344,0,Tongji1_CY25-05_1--5,1,0.07
cell_id,1344,1344,0,Tongji1_CY25-05_1--6,1,0.07
cell_id,1344,1344,0,Tongji1_CY25-05_1--7,1,0.07
cell_id,1344,1344,0,Tongji1_CY25-05_1--8,1,0.07
cell_id,1344,1344,0,Tongji1_CY25-05_1--9,1,0.07
cell_id,1344,1344,0,Tongji1_CY25-05_1--10,1,0.07
cell_id,1344,1344,0,Tongji1_CY25-05_1--11,1,0.07
cell_id,1344,1344,0,Tongji1_CY25-05_1--12,1,0.07
cell_id,1344,1344,0,Tongji1_CY25-05_1--13,1,0.07
cell_id,1344,1344,0,Tongji1_CY25-05_1--14,1,0.07
cell_id,1344,1344,0,Tongji1_CY25-05_1--15,1,0.07
cell_id,1344,1344,0,Tongji1_CY25-05_1--16,1,0.07
cell_id,1344,1344,0,Tongji1_CY25-05_1--17,1,0.07
cell_id,1344,1344,0,Tongji1_CY25-05_1--18,1,0.07
cell_id,1344,1344,0,Tongji1_CY25-05_1--19,1,0.07
cell_id,1344,1344,0,Tongji1_CY25-025_1--1,1,0.07
cell_id,1344,1344,0,Tongji1_CY25-025_1--2,1,0.07
cell_id,1344,1344,0,Tongji1_CY25-025_1--3,1,0.07
cell_id,1344,1344,0,Tongji1_CY25-025_1--4,1,0.07
cell_id,1344,1344,0,Tongji1_CY25-025_1--5,1,0.07
cell_id,1344,1344,0,Tongji1_CY25-025_1--6,1,0.07
cell_id,1344,1344,0,Tongji1_CY25-025_1--7,1,0.07
cell_id,1344,1344,0,Tongji1_CY35-05_1--1,1,0.07
cell_id,1344,1344,0,Tongji1_CY35-05_1--2,1,0.07
cell_id,1344,1344,0,Tongji1_CY35-05_1--3,1,0.07
cell_id,1344,1344,0,Tongji1_CY45-05_1--1,1,0.07
cell_id,1344,1344,0,Tongji1_CY45-05_1--2,1,0.07
cell_id,1344,1344,0,Tongji1_CY45-05_1--3,1,0.07
cell_id,1344,1344,0,Tongji1_CY45-05_1--4,1,0.07
cell_id,1344,1344,0,Tongji1_CY45-05_1--5,1,0.07
cell_id,1344,1344,0,Tongji1_CY45-05_1--6,1,0.07
cell_id,1344,1344,0,Tongji1_CY45-05_1--7,1,0.07
cell_id,1344,1344,0,Tongji1_CY45-05_1--8,1,0.07
cell_id,1344,1344,0,Tongji1_CY45-05_1--9,1,0.07
cell_id,1344,1344,0,Tongji1_CY45-05_1--10,1,0.07
cell_id,1344,1344,0,Tongji1_CY45-05_1--11,1,0.07
cell_id,1344,1344,0,Tongji1_CY45-05_1--12,1,0.07
cell_id,1344,1344,0,Tongji1_CY45-05_1--13,1,0.07
cell_id,1344,1344,0,Tongji1_CY45-05_1--14,1,0.07
cell_id,1344,1344,0,Tongji1_CY45-05_1--15,1,0.07
cell_id,1344,1344,0,Tongji1_CY45-05_1--16,1,0.07
cell_id,1344,1344,0,Tongji1_CY45-05_1--17,1,0.07
cell_id,1344,1344,0,Tongji1_CY45-05_1--18,1,0.07
cell_id,1344,1344,0,Tongji1_CY45-05_1--19,1,0.07
cell_id,1344,1344,0,Tongji1_CY45-05_1--20,1,0.07
cell_id,1344,1344,0,Tongji1_CY45-05_1--21,1,0.07
cell_id,1344,1344,0,Tongji1_CY45-05_1--22,1,0.07
cell_id,1344,1344,0,Tongji1_CY45-05_1--23,1,0.07
cell_id,1344,1344,0,Tongji1_CY45-05_1--24,1,0.07
cell_id,1344,1344,0,Tongji1_CY45-05_1--25,1,0.07
cell_id,1344,1344,0,Tongji1_CY45-05_1--26,1,0.07
cell_id,1344,1344,0,Tongji1_CY45-05_1--27,1,0.07
cell_id,1344,1344,0,Tongji1_CY45-05_1--28,1,0.07
cell_id,1344,1344,0,Tongji2_CY25-05_1--1,1,0.07
cell_id,1344,1344,0,Tongji2_CY25-05_1--2,1,0.07
cell_id,1344,1344,0,Tongji2_CY25-05_1--3,1,0.07
cell_id,1344,1344,0,Tongji2_CY25-05_1--4,1,0.07
cell_id,1344,1344,0,Tongji2_CY25-05_1--5,1,0.07
cell_id,1344,1344,0,Tongji2_CY25-05_1--6,1,0.07
cell_id,1344,1344,0,Tongji2_CY25-05_1--7,1,0.07
cell_id,1344,1344,0,Tongji2_CY25-05_1--8,1,0.07
cell_id,1344,1344,0,Tongji2_CY25-05_1--9,1,0.07
cell_id,1344,1344,0,Tongji2_CY25-05_1--10,1,0.07
cell_id,1344,1344,0,Tongji2_CY25-05_1--11,1,0.07
cell_id,1344,1344,0,Tongji2_CY25-05_1--12,1,0.07
cell_id,1344,1344,0,Tongji2_CY25-05_1--13,1,0.07
cell_id,1344,1344,0,Tongji2_CY25-05_1--14,1,0.07
cell_id,1344,1344,0,Tongji2_CY25-05_1--15,1,0.07
cell_id,1344,1344,0,Tongji2_CY25-05_1--16,1,0.07
cell_id,1344,1344,0,Tongji2_CY25-05_1--17,1,0.07
cell_id,1344,1344,0,Tongji2_CY25-05_1--18,1,0.07
cell_id,1344,1344,0,Tongji2_CY25-05_1--19,1,0.07
cell_id,1344,1344,0,Tongji2_CY25-05_1--20,1,0.07
cell_id,1344,1344,0,Tongji2_CY25-05_1--21,1,0.07
cell_id,1344,1344,0,Tongji2_CY25-05_1--22,1,0.07
cell_id,1344,1344,0,Tongji2_CY25-05_1--23,1,0.07
cell_id,1344,1344,0,Tongji2_CY35-05_1--1,1,0.07
cell_id,1344,1344,0,Tongji2_CY35-05_1--2,1,0.07
cell_id,1344,1344,0,Tongji2_CY35-05_1--3,1,0.07
cell_id,1344,1344,0,Tongji2_CY35-05_1--4,1,0.07
cell_id,1344,1344,0,Tongji2_CY45-05_1--1,1,0.07
cell_id,1344,1344,0,Tongji2_CY45-05_1--2,1,0.07
cell_id,1344,1344,0,Tongji2_CY45-05_1--3,1,0.07
cell_id,1344,1344,0,Tongji2_CY45-05_1--4,1,0.07
cell_id,1344,1344,0,Tongji2_CY45-05_1--5,1,0.07
cell_id,1344,1344,0,Tongji2_CY45-05_1--6,1,0.07
cell_id,1344,1344,0,Tongji2_CY45-05_1--7,1,0.07
cell_id,1344,1344,0,Tongji2_CY45-05_1--8,1,0.07
cell_id,1344,1344,0,Tongji2_CY45-05_1--9,1,0.07
cell_id,1344,1344,0,Tongji2_CY45-05_1--10,1,0.07
cell_id,1344,1344,0,Tongji2_CY45-05_1--11,1,0.07
cell_id,1344,1344,0,Tongji2_CY45-05_1--12,1,0.07
cell_id,1344,1344,0,Tongji2_CY45-05_1--13,1,0.07
cell_id,1344,1344,0,Tongji2_CY45-05_1--14,1,0.07
cell_id,1344,1344,0,Tongji2_CY45-05_1--15,1,0.07
cell_id,1344,1344,0,Tongji2_CY45-05_1--16,1,0.07
cell_id,1344,1344,0,Tongji2_CY45-05_1--17,1,0.07
cell_id,1344,1344,0,Tongji2_CY45-05_1--18,1,0.07
cell_id,1344,1344,0,Tongji2_CY45-05_1--19,1,0.07
cell_id,1344,1344,0,Tongji2_CY45-05_1--20,1,0.07
cell_id,1344,1344,0,Tongji2_CY45-05_1--21,1,0.07
cell_id,1344,1344,0,Tongji2_CY45-05_1--22,1,0.07
cell_id,1344,1344,0,Tongji2_CY45-05_1--23,1,0.07
cell_id,1344,1344,0,Tongji2_CY45-05_1--24,1,0.07
cell_id,1344,1344,0,Tongji2_CY45-05_1--25,1,0.07
cell_id,1344,1344,0,Tongji2_CY45-05_1--26,1,0.07
cell_id,1344,1344,0,Tongji2_CY45-05_1--27,1,0.07
cell_id,1344,1344,0,Tongji2_CY45-05_1--28,1,0.07
cell_id,1344,1344,0,Tongji3_CY25-05_1--1,1,0.07
cell_id,1344,1344,0,Tongji3_CY25-05_1--2,1,0.07
cell_id,1344,1344,0,Tongji3_CY25-05_1--3,1,0.07
cell_id,1344,1344,0,Tongji3_CY25-05_2--1,1,0.07
cell_id,1344,1344,0,Tongji3_CY25-05_2--2,1,0.07
cell_id,1344,1344,0,Tongji3_CY25-05_2--3,1,0.07
cell_id,1344,1344,0,Tongji3_CY25-05_4--1,1,0.07
cell_id,1344,1344,0,Tongji3_CY25-05_4--2,1,0.07
cell_id,1344,1344,0,Tongji3_CY25-05_4--3,1,0.07
cell_id,1344,1344,0,UL-PUR_N10-EX9_18650_NCA_23C_0-100_0.5-0.5C_i,1,0.07
cell_id,1344,1344,0,UL-PUR_N10-NA7_18650_NCA_23C_0-100_0.5-0.5C_g,1,0.07
cell_id,1344,1344,0,UL-PUR_N10-OV8_18650_NCA_23C_0-100_0.5-0.5C_h,1,0.07
cell_id,1344,1344,0,UL-PUR_N15-EX4_18650_NCA_23C_0-100_0.5-0.5C_d,1,0.07
cell_id,1344,1344,0,UL-PUR_N15-NA10_18650_NCA_23C_0-100_0.5-0.5C_j,1,0.07
cell_id,1344,1344,0,UL-PUR_N15-OV3_18650_NCA_23C_0-100_0.5-0.5C_c,1,0.07
cell_id,1344,1344,0,UL-PUR_N20-EX2_18650_NCA_23C_0-100_0.5-0.5C_b,1,0.07
cell_id,1344,1344,0,UL-PUR_N20-NA5_18650_NCA_23C_0-100_0.5-0.5C_e,1,0.07
cell_id,1344,1344,0,UL-PUR_N20-NA6_18650_NCA_23C_0-100_0.5-0.5C_f,1,0.07
cell_id,1344,1344,0,UL-PUR_N20-OV1_18650_NCA_23C_0-100_0.5-0.5C_a,1,0.07
cell_id,1344,1344,0,XJTU_2C_battery-1,1,0.07
cell_id,1344,1344,0,XJTU_2C_battery-2,1,0.07
cell_id,1344,1344,0,XJTU_2C_battery-3,1,0.07
cell_id,1344,1344,0,XJTU_2C_battery-4,1,0.07
cell_id,1344,1344,0,XJTU_2C_battery-5,1,0.07
cell_id,1344,1344,0,XJTU_2C_battery-6,1,0.07
cell_id,1344,1344,0,XJTU_2C_battery-7,1,0.07
cell_id,1344,1344,0,XJTU_2C_battery-8,1,0.07
cell_id,1344,1344,0,XJTU_3C_battery-1,1,0.07
cell_id,1344,1344,0,XJTU_3C_battery-2,1,0.07
cell_id,1344,1344,0,XJTU_3C_battery-3,1,0.07
cell_id,1344,1344,0,XJTU_3C_battery-4,1,0.07
cell_id,1344,1344,0,XJTU_3C_battery-5,1,0.07
cell_id,1344,1344,0,XJTU_3C_battery-6,1,0.07
cell_id,1344,1344,0,XJTU_3C_battery-7,1,0.07
cell_id,1344,1344,0,XJTU_3C_battery-8,1,0.07
cell_id,1344,1344,0,XJTU_3C_battery-9,1,0.07
cell_id,1344,1344,0,XJTU_3C_battery-10,1,0.07
cell_id,1344,1344,0,XJTU_3C_battery-11,1,0.07
cell_id,1344,1344,0,XJTU_3C_battery-12,1,0.07
cell_id,1344,1344,0,XJTU_3C_battery-13,1,0.07
cell_id,1344,1344,0,XJTU_3C_battery-14,1,0.07
cell_id,1344,1344,0,XJTU_3C_battery-15,1,0.07
cell_id,1344,1344,0,ZN-coin_2_432-1_20231227204455_01_1,1,0.07
cell_id,1344,1344,0,ZN-coin_202_20231213213655_03_3,1,0.07
cell_id,1344,1344,0,ZN-coin_202_20231213213655_03_4,1,0.07
cell_id,1344,1344,0,ZN-coin_202_20231213213655_03_5,1,0.07
cell_id,1344,1344,0,ZN-coin_204-1_20231205230212_07_1,1,0.07
cell_id,1344,1344,0,ZN-coin_204-2_20231205230217_07_2,1,0.07
cell_id,1344,1344,0,ZN-coin_204-3_20231205230221_07_3,1,0.07
cell_id,1344,1344,0,ZN-coin_205-1_20231205230230_07_4,1,0.07
cell_id,1344,1344,0,ZN-coin_205-2_20231205230234_07_5,1,0.07
cell_id,1344,1344,0,ZN-coin_205-3_20231205230239_07_6,1,0.07
cell_id,1344,1344,0,ZN-coin_209-1_20231205230248_07_7,1,0.07
cell_id,1344,1344,0,ZN-coin_209-2_20231205230252_07_8,1,0.07
cell_id,1344,1344,0,ZN-coin_402-1_20231209225636_01_1,1,0.07
cell_id,1344,1344,0,ZN-coin_402-2_20231209225727_01_2,1,0.07
cell_id,1344,1344,0,ZN-coin_402-3_20231209225844_01_3,1,0.07
cell_id,1344,1344,0,ZN-coin_403-1_20231209225922_01_4,1,0.07
cell_id,1344,1344,0,ZN-coin_404-3_20231209231250_08_1,1,0.07
cell_id,1344,1344,0,ZN-coin_405-1_20231209231331_08_2,1,0.07
cell_id,1344,1344,0,ZN-coin_405-2_20231209231413_08_3,1,0.07
cell_id,1344,1344,0,ZN-coin_405-3_20231209231450_08_4,1,0.07
cell_id,1344,1344,0,ZN-coin_406-1_20231209231531_08_5,1,0.07
cell_id,1344,1344,0,ZN-coin_406-2_20231209231604_08_6,1,0.07
cell_id,1344,1344,0,ZN-coin_406-3_20231209231637_08_7,1,0.07
cell_id,1344,1344,0,ZN-coin_407-1_20231209231725_08_8,1,0.07
cell_id,1344,1344,0,ZN-coin_407-3_20231209231841_02_2,1,0.07
cell_id,1344,1344,0,ZN-coin_408-1_20231209231918_02_3,1,0.07
cell_id,1344,1344,0,ZN-coin_408-2_20231209231947_02_4,1,0.07
cell_id,1344,1344,0,ZN-coin_408-3_20231209232028_05_1,1,0.07
cell_id,1344,1344,0,ZN-coin_409-1_20231209232338_05_2,1,0.07
cell_id,1344,1344,0,ZN-coin_409-2_20231209232422_05_3,1,0.07
cell_id,1344,1344,0,ZN-coin_409-3_20231209232500_05_4,1,0.07
cell_id,1344,1344,0,ZN-coin_410-1_20231209232559_09_1,1,0.07
cell_id,1344,1344,0,ZN-coin_410-2_20231209232626_09_2,1,0.07
cell_id,1344,1344,0,ZN-coin_410-3_20231209232707_09_3,1,0.07
cell_id,1344,1344,0,ZN-coin_411-1_20231209232756_09_4,1,0.07
cell_id,1344,1344,0,ZN-coin_411-2_20231209232834_09_5,1,0.07
cell_id,1344,1344,0,ZN-coin_412-1_20231209232958_09_7,1,0.07
cell_id,1344,1344,0,ZN-coin_412-2_20231209233028_09_8,1,0.07
cell_id,1344,1344,0,ZN-coin_412-3_20231209233120_06_1,1,0.07
cell_id,1344,1344,0,ZN-coin_413-1_20231209233202_06_2,1,0.07
cell_id,1344,1344,0,ZN-coin_414-2_20231209233354_06_6,1,0.07
cell_id,1344,1344,0,ZN-coin_414-3_20231209233430_06_7,1,0.07
cell_id,1344,1344,0,ZN-coin_415-1_20231209233508_06_8,1,0.07
cell_id,1344,1344,0,ZN-coin_415-2_20231209233606_10_1,1,0.07
cell_id,1344,1344,0,ZN-coin_415-3_20231209233637_10_2,1,0.07
cell_id,1344,1344,0,ZN-coin_416-2_20231209233822_10_4,1,0.07
cell_id,1344,1344,0,ZN-coin_416-3_20231209233856_10_5,1,0.07
cell_id,1344,1344,0,ZN-coin_417-3_20231209234058_10_8,1,0.07
cell_id,1344,1344,0,ZN-coin_418-1_20231209234141_11_1,1,0.07
cell_id,1344,1344,0,ZN-coin_418-2_20231209234209_11_2,1,0.07
cell_id,1344,1344,0,ZN-coin_418-3_20231209234252_11_3,1,0.07
cell_id,1344,1344,0,ZN-coin_419-1_20231209234331_11_4,1,0.07
cell_id,1344,1344,0,ZN-coin_419-2_20231209234357_11_5,1,0.07
cell_id,1344,1344,0,ZN-coin_419-3_20231209234510_11_6,1,0.07
cell_id,1344,1344,0,ZN-coin_420-1_20231205230010_01_1,1,0.07
cell_id,1344,1344,0,ZN-coin_420-2_20231205230013_01_2,1,0.07
cell_id,1344,1344,0,ZN-coin_420-3_20231205230017_01_3,1,0.07
cell_id,1344,1344,0,ZN-coin_421-1_20231205230023_01_4,1,0.07
cell_id,1344,1344,0,ZN-coin_421-3_20231205230030_01_6,1,0.07
cell_id,1344,1344,0,ZN-coin_422-1_20231205230039_01_7,1,0.07
cell_id,1344,1344,0,ZN-coin_422-2_20231205230043_01_8,1,0.07
cell_id,1344,1344,0,ZN-coin_422-3_20231205230049_02_1,1,0.07
cell_id,1344,1344,0,ZN-coin_423-1_20231205230055_02_2,1,0.07
cell_id,1344,1344,0,ZN-coin_423-2_20231205230059_02_3,1,0.07
cell_id,1344,1344,0,ZN-coin_423-3_20231205230102_02_4,1,0.07
cell_id,1344,1344,0,ZN-coin_424-1_20231205230107_02_5,1,0.07
cell_id,1344,1344,0,ZN-coin_424-3_20231205230114_02_7,1,0.07
cell_id,1344,1344,0,ZN-coin_425-1_20231205230120_02_8,1,0.07
cell_id,1344,1344,0,ZN-coin_425-2_20231205230124_03_1,1,0.07
cell_id,1344,1344,0,ZN-coin_426-1_20231205230136_03_3,1,0.07
cell_id,1344,1344,0,ZN-coin_426-2_20231205230139_03_4,1,0.07
cell_id,1344,1344,0,ZN-coin_426-3_20231205230143_03_5,1,0.07
cell_id,1344,1344,0,ZN-coin_427-1_20231205230153_03_7,1,0.07
cell_id,1344,1344,0,ZN-coin_428-1_20231212185048_01_2,1,0.07
cell_id,1344,1344,0,ZN-coin_428-2_20231212185058_01_4,1,0.07
cell_id,1344,1344,0,ZN-coin_429-1_20231212185129_01_5,1,0.07
cell_id,1344,1344,0,ZN-coin_429-2_20231212185157_01_8,1,0.07
cell_id,1344,1344,0,ZN-coin_430-1_20231212185250_02_6,1,0.07
cell_id,1344,1344,0,ZN-coin_430-2_20231212185305_02_7,1,0.07
cell_id,1344,1344,0,ZN-coin_430-3_20231212185323_03_2,1,0.07
cell_id,1344,1344,0,ZN-coin_432-2_20231227204437_01_2,1,0.07
cell_id,1344,1344,0,ZN-coin_432-3_20231227204518_01_3,1,0.07
cell_id,1344,1344,0,ZN-coin_433-1_20231227204534_01_4,1,0.07
cell_id,1344,1344,0,ZN-coin_433-2_20231227204539_01_5,1,0.07
cell_id,1344,1344,0,ZN-coin_433-3_20231227204544_01_6,1,0.07
cell_id,1344,1344,0,ZN-coin_434-1_20231227204606_01_7,1,0.07
cell_id,1344,1344,0,ZN-coin_434-2_20231227204612_01_8,1,0.07
cell_id,1344,1344,0,ZN-coin_434-3_20231227204618_03_1,1,0.07
cell_id,1344,1344,0,ZN-coin_435-1_20231227204625_03_2,1,0.07
cell_id,1344,1344,0,ZN-coin_435-2_20231227204630_03_3,1,0.07
cell_id,1344,1344,0,ZN-coin_435-3_20231227204635_03_4,1,0.07
cell_id,1344,1344,0,ZN-coin_436-1_20231227204646_03_5,1,0.07
cell_id,1344,1344,0,ZN-coin_436-2_20231227204653_03_6,1,0.07
cell_id,1344,1344,0,ZN-coin_436-3_20231227204657_03_7,1,0.07
cell_id,1344,1344,0,ZN-coin_437-1_20231227204706_03_8,1,0.07
cell_id,1344,1344,0,ZN-coin_437-2_20231227204712_04_1,1,0.07
cell_id,1344,1344,0,ZN-coin_437-3_20231227204717_04_2,1,0.07
cell_id,1344,1344,0,ZN-coin_438-1_20231227204743_04_3,1,0.07
cell_id,1344,1344,0,ZN-coin_438-2_20231227204748_04_4,1,0.07
cell_id,1344,1344,0,ZN-coin_438-3_20231227204754_04_5,1,0.07
cell_id,1344,1344,0,ZN-coin_439-1_20231227204804_04_6,1,0.07
cell_id,1344,1344,0,ZN-coin_439-2_20231227204810_04_7,1,0.07
cell_id,1344,1344,0,ZN-coin_439-3_20231227204817_04_8,1,0.07
cell_id,1344,1344,0,ZN-coin_440-1_20231227204827_08_1,1,0.07
cell_id,1344,1344,0,ZN-coin_440-2_20231227204832_08_2,1,0.07
cell_id,1344,1344,0,ZN-coin_440-3_20231227204837_08_3,1,0.07
cell_id,1344,1344,0,ZN-coin_441-1_20231227204855_08_4,1,0.07
cell_id,1344,1344,0,ZN-coin_441-2_20231227204859_08_5,1,0.07
cell_id,1344,1344,0,ZN-coin_441-3_20231227204904_08_6,1,0.07
cell_id,1344,1344,0,ZN-coin_442-1_20240104212418_09_1,1,0.07
cell_id,1344,1344,0,ZN-coin_442-2_20240104212424_09_2,1,0.07
cell_id,1344,1344,0,ZN-coin_442-3_20240104212433_09_3,1,0.07
cell_id,1344,1344,0,ZN-coin_443-2_20240104212500_09_5,1,0.07
cell_id,1344,1344,0,ZN-coin_443-3_20240104212506_09_6,1,0.07
cell_id,1344,1344,0,ZN-coin_445-1_20240104212517_09_7,1,0.07
cell_id,1344,1344,0,ZN-coin_445-2_20240104212521_09_8,1,0.07
cell_id,1344,1344,0,ZN-coin_445-3_20240104212530_07_1,1,0.07
cell_id,1344,1344,0,ZN-coin_446-1_20240104212538_07_2,1,0.07
cell_id,1344,1344,0,ZN-coin_446-3_20240104212550_07_4,1,0.07
cell_id,1344,1344,0,ZN-coin_447-1_20240104212621_07_5,1,0.07
cell_id,1344,1344,0,ZN-coin_447-2_20240104212627_07_6,1,0.07
cell_id,1344,1344,0,ZN-coin_447-3_20240104212631_07_7,1,0.07
cell_id,1344,1344,0,ZN-coin_448-1_20240104212639_07_8,1,0.07
cell_id,1344,1344,0,ZN-coin_448-2_20240104212646_06_1,1,0.07
cell_id,1344,1344,0,ZN-coin_448-3_20240104212651_06_2,1,0.07
cell_id,1344,1344,0,ZN-coin_449-1_20240104212736_06_3,1,0.07
cell_id,1344,1344,0,ZN-coin_449-2_20240104212745_06_4,1,0.07
cell_id,1344,1344,0,ZN-coin_449-3_20240104212753_06_5,1,0.07
cell_id,1344,1344,0,ZN-coin_450-1_20240116203402_01_2_Batch-3,1,0.07
cell_id,1344,1344,0,ZN-coin_450-2_20240116203410_01_4_Batch-3,1,0.07
cell_id,1344,1344,0,ZN-coin_450-3_20240116203417_03_3_Batch-3,1,0.07
cell_id,1344,1344,0,ZN-coin_451-1_20240116203425_03_4_Batch-3,1,0.07
cell_id,1344,1344,0,ZN-coin_451-2_20240116203431_04_3_Batch-3,1,0.07
cell_id,1344,1344,0,ZN-coin_451-3_20240116203436_04_5_Batch-3,1,0.07
cell_id,1344,1344,0,ZN-coin_452-1_20240116203442_04_6_Batch-3,1,0.07
cell_id,1344,1344,0,ZN-coin_452-2_20240116203450_08_5_Batch-3,1,0.07
cell_id,1344,1344,0,ZN-coin_452-3_20240116204046_08_4_Batch-3,1,0.07
cell_id,1344,1344,0,ZN-coin_453-1_20240116203617_08_6_Batch-3,1,0.07
cell_id,1344,1344,0,ZN-coin_453-2_20240116203622_08_7_Batch-3,1,0.07
cell_id,1344,1344,0,ZN-coin_453-3_20240116203627_08_8_Batch-3,1,0.07
form_factor,7,7,0,cylindrical_18650,596,43.13
form_factor,7,7,0,pouch,280,20.26
form_factor,7,7,0, 502030-size Li-polymer,240,17.37
form_factor,7,7,0,coin,140,10.13
form_factor,7,7,0,cylindrical,86,6.22
form_factor,7,7,0,Prismatic,27,1.95
form_factor,7,7,0,prismatic,13,0.94
anode_material,5,5,0,graphite,1048,75.83
anode_material,5,5,0,MnO2,140,10.13
anode_material,5,5,0,Graphite/Si,121,8.76
anode_material,5,5,0,Unknown,64,4.63
anode_material,5,5,0,Graphite,9,0.65
cathode_material,16,16,0,NMC,336,24.31
cathode_material,16,16,0,LiNi0.5Mn0.3Co0.2O2,222,16.06
cathode_material,16,16,0,LiFePO4,169,12.23
cathode_material,16,16,0,Zinc,140,10.13
cathode_material,16,16,0,LFP,95,6.87
cathode_material,16,16,0,NMC_532,86,6.22
cathode_material,16,16,0,Li0.86Ni0.86Co0.11Al0.03 O2 (NCA),66,4.78
cathode_material,16,16,0,Unknown,64,4.63
cathode_material,16,16,0,NMC111,58,4.2
cathode_material,16,16,0,Li0.84(Ni0.83Co0.11Mn 0.07)O2 (NCM),55,3.98
cathode_material,16,16,0,LiNi0.5Co0.2Mn0.3O2,23,1.66
cathode_material,16,16,0,NCA,22,1.59
cathode_material,16,16,0,LiCoO2+LiNi0.4Co0.4Mn0.2O2,14,1.01
cathode_material,16,16,0,LiCoO2,13,0.94
cathode_material,16,16,0,LiNi0.8Co0.15Al0.05O2,10,0.72
cathode_material,16,16,0,42 wt.% Li(NiCoMn)O2 blended with 58 wt.% Li(NiCoAl)O2 (NCM+NCA),9,0.65
electrolyte_material,0,1,1382,<missing>,1382,100.0
nominal_capacity_in_Ah,159,159,0,1.1,270,19.54
nominal_capacity_in_Ah,159,159,0,0.25,240,17.37
nominal_capacity_in_Ah,159,159,0,0.24,222,16.06
nominal_capacity_in_Ah,159,159,0,3.5,121,8.76
nominal_capacity_in_Ah,159,159,0,2.4,86,6.22
nominal_capacity_in_Ah,159,159,0,1.0,64,4.63
nominal_capacity_in_Ah,159,159,0,1.85,48,3.47
nominal_capacity_in_Ah,159,159,0,2.36,40,2.89
nominal_capacity_in_Ah,159,159,0,58.0,27,1.95
nominal_capacity_in_Ah,159,159,0,2.0,23,1.66
nominal_capacity_in_Ah,159,159,0,5.0,18,1.3
nominal_capacity_in_Ah,159,159,0,3.2,18,1.3
nominal_capacity_in_Ah,159,159,0,3.0,17,1.23
nominal_capacity_in_Ah,159,159,0,2.8,14,1.01
nominal_capacity_in_Ah,159,159,0,3.4,10,0.72
nominal_capacity_in_Ah,159,159,0,2.5,9,0.65
nominal_capacity_in_Ah,159,159,0,1.35,7,0.51
nominal_capacity_in_Ah,159,159,0,2.8800000000000003,4,0.29
nominal_capacity_in_Ah,159,159,0,2.7,4,0.29
nominal_capacity_in_Ah,159,159,0,0.0003047448694705,1,0.07
nominal_capacity_in_Ah,159,159,0,0.0004501947164535,1,0.07
nominal_capacity_in_Ah,159,159,0,0.0004716828465461,1,0.07
nominal_capacity_in_Ah,159,159,0,0.0004534646570682,1,0.07
nominal_capacity_in_Ah,159,159,0,0.0004585157036781,1,0.07
nominal_capacity_in_Ah,159,159,0,0.000452607512474,1,0.07
nominal_capacity_in_Ah,159,159,0,0.0004226545095443,1,0.07
nominal_capacity_in_Ah,159,159,0,0.0004583834409713,1,0.07
nominal_capacity_in_Ah,159,159,0,0.000414031624794,1,0.07
nominal_capacity_in_Ah,159,159,0,0.0004773578941822,1,0.07
nominal_capacity_in_Ah,159,159,0,0.0003843673169612,1,0.07
nominal_capacity_in_Ah,159,159,0,0.0003471668958663,1,0.07
nominal_capacity_in_Ah,159,159,0,0.0004364284276962,1,0.07
nominal_capacity_in_Ah,159,159,0,0.0004193820655345,1,0.07
nominal_capacity_in_Ah,159,159,0,0.000351485311985,1,0.07
nominal_capacity_in_Ah,159,159,0,0.00040757137537,1,0.07
nominal_capacity_in_Ah,159,159,0,0.0004178030788898,1,0.07
nominal_capacity_in_Ah,159,159,0,0.000405891418457,1,0.07
nominal_capacity_in_Ah,159,159,0,0.0003964592218399,1,0.07
nominal_capacity_in_Ah,159,159,0,0.0003963003754615,1,0.07
nominal_capacity_in_Ah,159,159,0,0.0003534259796142,1,0.07
nominal_capacity_in_Ah,159,159,0,0.0003614965379238,1,0.07
nominal_capacity_in_Ah,159,159,0,0.0003609205186367,1,0.07
nominal_capacity_in_Ah,159,159,0,0.0004107665419578,1,0.07
nominal_capacity_in_Ah,159,159,0,0.0003791077733039,1,0.07
nominal_capacity_in_Ah,159,159,0,0.0004093552231788,1,0.07
nominal_capacity_in_Ah,159,159,0,0.0003348576724529,1,0.07
nominal_capacity_in_Ah,159,159,0,0.0003798752427101,1,0.07
nominal_capacity_in_Ah,159,159,0,0.0003677725791931,1,0.07
nominal_capacity_in_Ah,159,159,0,0.0003310281336307,1,0.07
nominal_capacity_in_Ah,159,159,0,0.0003514209687709,1,0.07
nominal_capacity_in_Ah,159,159,0,0.0004311908483505,1,0.07
nominal_capacity_in_Ah,159,159,0,0.0004104879796504,1,0.07
nominal_capacity_in_Ah,159,159,0,0.0004043653607368,1,0.07
nominal_capacity_in_Ah,159,159,0,0.0004008802175521,1,0.07
nominal_capacity_in_Ah,159,159,0,0.0003851436972618,1,0.07
nominal_capacity_in_Ah,159,159,0,0.0003768764734268,1,0.07
nominal_capacity_in_Ah,159,159,0,0.0004026314020156,1,0.07
nominal_capacity_in_Ah,159,159,0,0.0003710718154907,1,0.07
nominal_capacity_in_Ah,159,159,0,0.0004180490970611,1,0.07
nominal_capacity_in_Ah,159,159,0,0.0004190520346164,1,0.07
nominal_capacity_in_Ah,159,159,0,0.0003913222849369,1,0.07
nominal_capacity_in_Ah,159,159,0,0.0003959401249885,1,0.07
nominal_capacity_in_Ah,159,159,0,0.0003822014927864,1,0.07
nominal_capacity_in_Ah,159,159,0,0.0003840626478195,1,0.07
nominal_capacity_in_Ah,159,159,0,0.0004119726121425,1,0.07
nominal_capacity_in_Ah,159,159,0,0.0004206445813179,1,0.07
nominal_capacity_in_Ah,159,159,0,0.0003942461907863,1,0.07
nominal_capacity_in_Ah,159,159,0,0.0003419096469879,1,0.07
nominal_capacity_in_Ah,159,159,0,0.0003705151975154,1,0.07
nominal_capacity_in_Ah,159,159,0,0.0003499137163162,1,0.07
nominal_capacity_in_Ah,159,159,0,0.0003758451044559,1,0.07
nominal_capacity_in_Ah,159,159,0,0.00037006264925,1,0.07
nominal_capacity_in_Ah,159,159,0,0.0003839123547077,1,0.07
nominal_capacity_in_Ah,159,159,0,0.0003428637385368,1,0.07
nominal_capacity_in_Ah,159,159,0,0.0003291124105453,1,0.07
nominal_capacity_in_Ah,159,159,0,0.0003263902962207,1,0.07
nominal_capacity_in_Ah,159,159,0,0.0002961892485618,1,0.07
nominal_capacity_in_Ah,159,159,0,0.0003169441223144,1,0.07
nominal_capacity_in_Ah,159,159,0,0.000355963230133,1,0.07
nominal_capacity_in_Ah,159,159,0,0.0003716359138488,1,0.07
nominal_capacity_in_Ah,159,159,0,0.0003838084340095,1,0.07
nominal_capacity_in_Ah,159,159,0,0.0003427266180515,1,0.07
nominal_capacity_in_Ah,159,159,0,0.0003367028534412,1,0.07
nominal_capacity_in_Ah,159,159,0,0.0003371355831623,1,0.07
nominal_capacity_in_Ah,159,159,0,0.0002962441146373,1,0.07
nominal_capacity_in_Ah,159,159,0,0.0003071562647819,1,0.07
nominal_capacity_in_Ah,159,159,0,0.000367308050394,1,0.07
nominal_capacity_in_Ah,159,159,0,0.0003670700490474,1,0.07
nominal_capacity_in_Ah,159,159,0,0.0003447237312793,1,0.07
nominal_capacity_in_Ah,159,159,0,0.0003239899873733,1,0.07
nominal_capacity_in_Ah,159,159,0,0.0003128230273723,1,0.07
nominal_capacity_in_Ah,159,159,0,0.0002827367186546,1,0.07
nominal_capacity_in_Ah,159,159,0,0.0004316883981227,1,0.07
nominal_capacity_in_Ah,159,159,0,0.000483332157135,1,0.07
nominal_capacity_in_Ah,159,159,0,0.0004733638167381,1,0.07
nominal_capacity_in_Ah,159,159,0,0.0004790157079696,1,0.07
nominal_capacity_in_Ah,159,159,0,0.0004660833775997,1,0.07
nominal_capacity_in_Ah,159,159,0,0.0004578379392623,1,0.07
nominal_capacity_in_Ah,159,159,0,0.0005372841954231,1,0.07
nominal_capacity_in_Ah,159,159,0,0.0002936209440231,1,0.07
nominal_capacity_in_Ah,159,159,0,0.0003201135993003,1,0.07
nominal_capacity_in_Ah,159,159,0,0.0003205031156539,1,0.07
nominal_capacity_in_Ah,159,159,0,0.0003291354179382,1,0.07
nominal_capacity_in_Ah,159,159,0,0.0003452623784542,1,0.07
nominal_capacity_in_Ah,159,159,0,0.0003415216505527,1,0.07
nominal_capacity_in_Ah,159,159,0,0.0003036242425441,1,0.07
nominal_capacity_in_Ah,159,159,0,0.0003386701643466,1,0.07
nominal_capacity_in_Ah,159,159,0,0.0003200136125087,1,0.07
nominal_capacity_in_Ah,159,159,0,0.0003274102509021,1,0.07
nominal_capacity_in_Ah,159,159,0,0.0003344997763633,1,0.07
nominal_capacity_in_Ah,159,159,0,0.0002219501733779,1,0.07
nominal_capacity_in_Ah,159,159,0,0.0002215569764375,1,0.07
nominal_capacity_in_Ah,159,159,0,0.0002235011905431,1,0.07
nominal_capacity_in_Ah,159,159,0,0.0002449151873588,1,0.07
nominal_capacity_in_Ah,159,159,0,0.0002216836810111,1,0.07
nominal_capacity_in_Ah,159,159,0,0.0002303480505943,1,0.07
nominal_capacity_in_Ah,159,159,0,0.0002280543893575,1,0.07
nominal_capacity_in_Ah,159,159,0,0.0002305854558944,1,0.07
nominal_capacity_in_Ah,159,159,0,0.00021888884902,1,0.07
nominal_capacity_in_Ah,159,159,0,0.0002361009418964,1,0.07
nominal_capacity_in_Ah,159,159,0,0.0002322484701871,1,0.07
nominal_capacity_in_Ah,159,159,0,0.0002439502477645,1,0.07
nominal_capacity_in_Ah,159,159,0,0.0003846625983715,1,0.07
nominal_capacity_in_Ah,159,159,0,0.0003806103169918,1,0.07
nominal_capacity_in_Ah,159,159,0,0.0003691455125808,1,0.07
nominal_capacity_in_Ah,159,159,0,0.0002417334020137,1,0.07
nominal_capacity_in_Ah,159,159,0,0.0002407771199941,1,0.07
nominal_capacity_in_Ah,159,159,0,0.0002371345460414,1,0.07
nominal_capacity_in_Ah,159,159,0,0.0003230464160442,1,0.07
nominal_capacity_in_Ah,159,159,0,0.0003172803521156,1,0.07
nominal_capacity_in_Ah,159,159,0,0.000382718861103,1,0.07
nominal_capacity_in_Ah,159,159,0,0.0003865128159523,1,0.07
nominal_capacity_in_Ah,159,159,0,0.0003879644572734,1,0.07
nominal_capacity_in_Ah,159,159,0,0.0003979995846748,1,0.07
nominal_capacity_in_Ah,159,159,0,0.00041241684556,1,0.07
nominal_capacity_in_Ah,159,159,0,0.0004011527597904,1,0.07
nominal_capacity_in_Ah,159,159,0,0.0003418417870998,1,0.07
nominal_capacity_in_Ah,159,159,0,0.0003187823891639,1,0.07
nominal_capacity_in_Ah,159,159,0,0.0003465886414051,1,0.07
nominal_capacity_in_Ah,159,159,0,0.0003375560045242,1,0.07
nominal_capacity_in_Ah,159,159,0,0.0003271262049674,1,0.07
nominal_capacity_in_Ah,159,159,0,0.0002969532907009,1,0.07
nominal_capacity_in_Ah,159,159,0,0.0003534662723541,1,0.07
nominal_capacity_in_Ah,159,159,0,0.0003388239741325,1,0.07
nominal_capacity_in_Ah,159,159,0,0.0003092391192913,1,0.07
nominal_capacity_in_Ah,159,159,0,0.0003503900170326,1,0.07
nominal_capacity_in_Ah,159,159,0,0.000293827176094,1,0.07
nominal_capacity_in_Ah,159,159,0,0.0003299170136451,1,0.07
nominal_capacity_in_Ah,159,159,0,0.0003761504888534,1,0.07
nominal_capacity_in_Ah,159,159,0,0.0003449727892875,1,0.07
nominal_capacity_in_Ah,159,159,0,0.0003864190876483,1,0.07
nominal_capacity_in_Ah,159,159,0,0.0003190659582614,1,0.07
nominal_capacity_in_Ah,159,159,0,0.0003737882971763,1,0.07
nominal_capacity_in_Ah,159,159,0,0.000270607560873,1,0.07
nominal_capacity_in_Ah,159,159,0,0.0002668435275554,1,0.07
nominal_capacity_in_Ah,159,159,0,0.000279521048069,1,0.07
nominal_capacity_in_Ah,159,159,0,0.0002105897963047,1,0.07
nominal_capacity_in_Ah,159,159,0,0.0002173642367124,1,0.07
nominal_capacity_in_Ah,159,159,0,0.0002080907970666,1,0.07
depth_of_charge,1,1,0,1.0,1382,100.0
depth_of_discharge,1,1,0,1.0,1382,100.0
already_spent_cycles,1,1,0,0,1382,100.0
max_voltage_limit_in_V,10,10,0,4.2,603,43.63
max_voltage_limit_in_V,10,10,0,4.4,222,16.06
max_voltage_limit_in_V,10,10,0,3.5,169,12.23
max_voltage_limit_in_V,10,10,0,1.8,140,10.13
max_voltage_limit_in_V,10,10,0,3.6,95,6.87
max_voltage_limit_in_V,10,10,0,4.0,64,4.63
max_voltage_limit_in_V,10,10,0,3.9,48,3.47
max_voltage_limit_in_V,10,10,0,4.35,24,1.74
max_voltage_limit_in_V,10,10,0,4.3,14,1.01
max_voltage_limit_in_V,10,10,0,4.25,3,0.22
min_voltage_limit_in_V,9,9,0,3.0,620,44.86
min_voltage_limit_in_V,9,9,0,2.0,349,25.25
min_voltage_limit_in_V,9,9,0,0.8,140,10.13
min_voltage_limit_in_V,9,9,0,2.5,112,8.1
min_voltage_limit_in_V,9,9,0,2.65,66,4.78
min_voltage_limit_in_V,9,9,0,3.5,48,3.47
min_voltage_limit_in_V,9,9,0,2.7,23,1.66
min_voltage_limit_in_V,9,9,0,2.75,16,1.16
min_voltage_limit_in_V,9,9,0,2.2,8,0.58
max_current_limit_in_A,4,5,1273,<missing>,1273,92.11
max_current_limit_in_A,4,5,1273,4.0,48,3.47
max_current_limit_in_A,4,5,1273,6.0,22,1.59
max_current_limit_in_A,4,5,1273,20.0,21,1.52
max_current_limit_in_A,4,5,1273,30.0,18,1.3
min_current_limit_in_A,0,1,1382,<missing>,1382,100.0
